Team,Games,Win,Loss,Off.Rank,Off.Plays,Off.Yards,Off.Yards.Play,Off.TDs,Off.Yards.per.Game,Def.Rank,Def.Plays,Yards.Allowed,Yards.Play.Allowed,Off.TDs.Allowed,Total.TDs.Allowed,Yards.Per.Game.Allowed,First.Down.Rank,First.Down.Runs,First.Down.Passes,First.Down.Penalties,First.Downs,First.Down.Def.Rank,Opp.First.Down.Runs,Opp.First.Down.Passes,Opp.First.Down.Penalties,Opp.First.Downs,X4th.Down.Rank,X4th.Attempts,X4th.Conversions,X4th.Percent,X4rd.Down.Def.Rank,Opp.4th.Conversion,Opp.4th.Attempt,Opponent.4th.Percent,Kickoff.Return.Rank,Kickoffs.Returned,Kickoff.Return.Yards,Kickoff.Return.Touchdowns,Avg.Yard.per.Kickoff.Return,...40,Kickoff.Return.Def.Rank,Opp.Kickoff.Returns,Kickoff.Touchbacks,Opponent.Kickoff.Return.Yards,Opp.Kickoff.Return.Touchdowns.Allowed,Avg.Yards.per.Kickoff.Return.Allowed,Passing.Off.Rank,Pass.Attempts,Pass.Completions,Interceptions.Thrown.x,Pass.Yards,Pass.Yards.Attempt,Yards.Completion,Pass.Touchdowns,Pass.Yards.Per.Game,Pass.Def.Rank,Opp.Completions.Allowed,Opp.Pass.Attempts,Opp.Pass.Yds.Allowed,Opp.Pass.TDs.Allowed,Yards.Attempt.Allowed,Yards.Completion.Allowed,Pass.Yards.Per.Game.Allowed,Penalty.Rank,Penalties,Penalty.Yards,Penalty.Yards.Per.Game,Punt.Return.Rank,Punt.Returns,Net.Punt.Return.Yards,Punt.Return.Touchdowns,Avg.Yards.Per.Punt.Return,Punt.Return.Def.Rank,Opp.Punt.Returns,Opp.Net.Punt.Return.Yards,Opp.Punt.Return.Touchdowns.Allowed,Avg.Yards.Allowed.per.Punt.Return,Redzone.Off.Rank,Redzone.Attempts,Redzone.Rush.TD,Redzone.Pass.TD,Redzone.Field.Goals.Made,Redzone.Scores,Redzone.Points,Redzone.Def.Rank,Opp.Redzone.Attempts,Opp.Redzone.Rush.TD.Allowed,Opp.Redzone.Pass.Touchdowns.Allowed,Opp.Redzone.Field.Goals.Made,Opp.Redzone.Scores,Redzone.Points.Allowed,Rushing.Off.Rank,Rush.Attempts,Rush.Yds,Yards.Rush,Rushing.TD,Rushing.Yards.per.Game,Rushing.Def.Rank,Opp.Rush.Attempts,Opp.Rush.Yards.Alloweed,Yds.Rush.Allowed,Opp.Rush.Touchdowns.Allowed,Rush.Yards.Per.Game.Allowed,Sack.Rank,Sacks,Sack.Yards,Average.Sacks.per.Game,Scoring.Def.Rank,Touchdowns.Allowed,Opponent.Extra.Points,X2.Point.Conversions.Allowed,Opp.Deflected.Extra.Points,Opp.Feild.Goals.Made,Opp.Safety,Points.Allowed,Avg.Points.per.Game.Allowed,Scoring.Off.Rank,Touchdowns,PAT,X2.Point.Conversions,Defensive.Points,Feild.Goals,Safety,Total.Points,Points.Per.Game,Tackle.for.Loss.Rank,Solo.Tackle.For.Loss,Assist.Tackle.For.Loss,Tackle.for.Loss.Yards,Total.Tackle.For.Loss,Tackle.For.Loss.Per.Game,X3rd.Down.Rank,X3rd.Attempts,X3rd.Conversions,X3rd.Percent,X3rd.Down.Def.Rank,Opp.3rd.Conversion,Opp.3rd.Attempt,Opponent.3rd.Percent,Time.of.Possession.Rank,Time.of.Possession,Average.Time.of.Possession.per.Game,Turnover.Rank,Fumbles.Recovered,Opponents.Intercepted,Turnovers.Gain,Fumbles.Lost,Interceptions.Thrown.y,Turnovers.Lost,Turnover.Margin,Avg.Turnover.Margin.per.Game
Air Force (Mountain West),13,11,2,51,881,5483,6.22,55,421.8,17,752,4155,5.53,32,34,319.6,9,77,131,8,216,9,77,131,8,216,5,16,21,0.762,44,13,28,0.464,82,36,26,772,0,21.44,82,36,26,772,0,21.44,125,126,68,6,1602,12.71,23.56,14,123.2,51,238,377,2848,21,7.55,11.97,219.1,2,42,368,28.31,27,7,38,0,5.43,27,7,38,0,5.43,33,54,39,0,9,48,0.889,9,43,10,13,8,31,0.721,2,755,3881,5.14,41,298.5,7,375,1307,3.49,11,100.5,1,4,22,0.31,20,34,27,0,0,9,0,258,19.8,21,58,52,1,1,13,0,443,34.1,125,37,34,247,54,4.2,2,157,84,0.535,79,64,158,0.405,2,   448:07,   34:28,78,9,7,16,12,6,18,-2,-0.15
Akron (MAC),12,0,12,130,725,2918,4.02,14,243.2,83,871,4967,5.7,51,56,413.9,58,138,106,17,261,58,138,106,17,261,124,7,22,0.318,74,8,15,0.533,1,15,13,223,0,14.87,1,15,13,223,0,14.87,100,398,205,14,2347,5.9,11.45,12,195.6,29,201,305,2405,23,7.89,11.97,200.4,62,80,626,52.17,31,23,129,0,5.61,31,23,129,0,5.61,128,26,2,9,7,18,0.692,77,58,26,15,8,49,0.845,130,327,571,1.75,2,47.6,116,566,2562,4.53,28,213.5,130,58,319,4.83,122,56,55,1,0,14,0,435,36.3,130,15,13,1,0,7,0,126,10.5,124,37,28,147,51,4.3,130,163,43,0.264,130,98,185,0.53,122,   317:52,   26:29,128,6,5,11,12,14,26,-15,-1.25
Alabama (SEC),13,11,2,6,842,6640,7.89,76,510.8,20,877,4217,4.81,24,26,324.4,40,95,121,31,247,40,95,121,31,247,12,13,19,0.684,11,7,19,0.368,11,27,35,469,0,17.37,11,27,35,469,0,17.37,3,406,287,6,4449,10.96,15.5,49,342.2,11,230,410,2434,15,5.94,10.58,187.2,114,95,855,65.77,89,11,101,0,9.18,89,11,101,0,9.18,64,62,22,21,9,52,0.839,74,32,9,9,9,27,0.844,56,436,2191,5.03,27,168.5,37,467,1783,3.82,9,137.2,3,12,81,0.92,13,26,22,2,0,20,0,242,18.6,2,83,80,0,0,12,0,614,47.2,61,61,34,317,78,6,3,153,80,0.523,35,66,185,0.357,70,   389:58,   29:59,3,11,17,28,4,6,10,18,1.38
Appalachian St. (Sun Belt),14,13,1,39,969,6064,6.26,65,433.1,26,940,4705,5.01,34,35,336.1,51,97,133,28,258,51,97,133,28,258,1,13,16,0.813,94,15,26,0.577,29,48,29,910,0,18.96,29,48,29,910,0,18.96,93,370,231,6,2824,7.63,12.23,30,201.7,35,253,455,2894,20,6.36,11.44,206.7,112,95,899,64.21,13,17,62,0,3.65,13,17,62,0,3.65,14,60,25,22,8,55,0.917,74,32,9,11,7,27,0.844,16,599,3240,5.41,35,231.4,29,485,1811,3.73,14,129.4,13,18,107,1.29,21,35,29,1,0,13,0,280,20,9,73,72,0,0,11,0,543,38.8,56,67,38,380,86,6.1,26,200,89,0.445,10,62,202,0.307,36,   438:26,   31:19,7,10,14,24,3,6,9,15,1.07
Arizona (Pac-12),12,4,8,30,873,5281,6.05,42,440.1,120,889,5657,6.36,53,54,471.4,116,122,145,26,293,116,122,145,26,293,19,13,20,0.65,5,6,18,0.333,95,10,48,222,0,22.2,95,10,48,222,0,22.2,35,422,261,12,3193,7.57,12.23,23,266.1,126,282,430,3478,26,8.09,12.33,289.8,79,76,677,56.42,70,19,152,0,8,70,19,152,0,8,53,35,12,10,8,30,0.857,118,53,22,11,15,48,0.906,52,451,2088,4.63,19,174,88,459,2179,4.75,27,181.6,109,33,191,2.75,118,54,52,1,0,17,0,429,35.8,77,42,37,1,0,10,1,323,26.9,120,43,22,175,54,4.5,28,186,82,0.441,123,79,168,0.47,115,   328:53,   27:24,89,4,11,15,6,12,18,-3,-0.25
Arizona St. (Pac-12),13,8,5,94,842,4837,5.74,34,372.1,67,928,5113,5.51,39,39,393.3,87,94,155,24,273,87,94,155,24,273,55,9,16,0.563,80,13,24,0.542,74,37,21,779,0,21.05,74,37,21,779,0,21.05,53,383,233,4,3235,8.45,13.88,21,248.8,115,296,465,3487,24,7.5,11.78,268.2,108,85,818,62.92,69,20,154,0,7.7,69,20,154,0,7.7,16,45,12,8,21,41,0.911,36,39,14,14,3,31,0.795,115,459,1602,3.49,13,123.2,26,463,1626,3.51,15,125.1,103,33,182,2.54,35,39,39,0,0,6,0,291,22.4,96,36,29,4,0,23,0,322,24.8,79,59,30,317,74,5.7,83,187,72,0.385,86,79,192,0.411,86,   379:57,   29:13,6,15,13,28,10,4,14,14,1.08
Arkansas (SEC),12,2,10,111,783,4081,5.21,28,340.1,110,827,5408,6.54,54,57,450.7,80,121,130,20,271,80,121,130,20,271,106,8,20,0.4,88,9,16,0.563,10,14,28,242,0,17.29,10,14,28,242,0,17.29,103,407,202,15,2315,5.69,11.46,14,192.9,69,227,341,2750,25,8.06,12.11,229.2,14,61,492,41,20,6,27,0,4.5,20,6,27,0,4.5,114,32,9,8,7,24,0.75,100,47,20,13,8,41,0.872,85,376,1766,4.7,14,147.2,122,486,2658,5.47,29,221.5,31,19,128,1.58,124,57,55,0,0,15,0,442,36.8,110,31,29,0,0,14,0,257,21.4,103,45,32,203,61,5.1,113,165,55,0.333,116,71,156,0.455,111,   333:26,   27:47,97,10,6,16,6,15,21,-5,-0.42
Arkansas St. (Sun Belt),13,8,5,33,925,5711,6.17,50,439.3,124,1018,6218,6.11,55,56,478.3,128,127,157,31,315,128,127,157,31,315,51,13,23,0.565,83,20,36,0.556,30,43,10,816,1,18.98,30,43,10,816,1,18.98,10,469,298,11,4057,8.65,13.61,37,312.1,111,280,461,3417,23,7.41,12.2,262.8,123,99,916,70.46,78,13,112,0,8.62,78,13,112,0,8.62,33,45,10,17,13,40,0.889,24,61,25,9,13,47,0.77,112,456,1654,3.63,13,127.2,118,557,2801,5.03,32,215.5,119,40,217,3.08,114,56,46,3,0,18,1,444,34.2,26,54,53,0,0,19,2,438,33.7,61,62,32,276,78,6,63,193,78,0.404,54,74,195,0.379,113,   359:33,   27:39,86,7,12,19,11,11,22,-3,-0.23
Army West Point (FBS Independent),13,5,8,89,869,4929,5.67,51,379.2,30,789,4450,5.64,37,38,342.3,27,110,110,14,234,27,110,110,14,234,14,26,39,0.667,56,12,24,0.5,73,38,10,799,0,21.03,73,38,10,799,0,21.03,129,126,59,7,1066,8.46,18.07,6,82,5,203,326,2326,16,7.13,11.46,178.9,8,60,496,38.15,17,9,37,0,4.11,17,9,37,0,4.11,60,52,38,3,3,44,0.846,97,38,16,9,8,33,0.868,3,743,3863,5.2,45,297.2,73,463,2124,4.59,21,163.4,8,15,92,1.15,41,38,34,2,0,11,0,299,23,67,52,44,1,0,4,0,370,28.5,127,35,34,200,52,4,24,168,76,0.452,109,74,165,0.448,14,   428:07,   32:55,70,10,7,17,11,7,18,-1,-0.08
Auburn (SEC),13,9,4,64,947,5285,5.58,51,406.5,28,905,4381,4.84,31,32,337,42,96,120,33,249,42,96,120,33,249,88,7,15,0.467,18,10,25,0.4,96,20,48,446,1,22.3,96,20,48,446,1,22.3,87,397,229,6,2697,6.79,11.78,20,207.5,47,264,453,2780,21,6.14,10.53,213.8,74,92,718,55.23,130,14,242,0,17.29,130,14,242,0,17.29,21,52,27,10,10,47,0.904,8,39,9,12,7,28,0.718,33,550,2588,4.71,31,199.1,25,452,1601,3.54,10,123.2,18,18,136,1.38,17,32,29,0,0,11,0,254,19.5,28,54,52,1,0,18,0,432,33.2,19,73,42,318,94,7.2,60,190,77,0.405,8,58,194,0.299,73,   385:10,   29:37,27,13,10,23,11,6,17,6,0.46
Ball St. (MAC),12,5,7,16,909,5556,6.11,51,463,91,876,5096,5.82,45,47,424.7,68,110,135,20,265,68,110,135,20,265,71,12,23,0.522,49,10,21,0.476,39,58,9,1129,0,19.47,39,58,9,1129,0,19.47,56,373,239,7,2923,7.84,12.23,24,243.6,95,229,391,2941,11,7.52,12.84,245.1,68,71,636,53,126,20,303,2,15.15,126,20,303,2,15.15,65,49,21,10,10,41,0.837,104,51,30,5,10,45,0.882,22,536,2633,4.91,27,219.4,86,485,2155,4.44,34,179.6,94,29,167,2.42,94,47,41,3,0,16,0,377,31.4,18,53,49,2,0,15,1,418,34.8,90,46,38,206,65,5.4,50,172,71,0.413,85,72,175,0.411,59,   363:20,   30:16,15,9,15,24,9,7,16,8,0.67
Baylor (Big 12),14,11,3,52,948,5901,6.22,59,421.5,39,1032,5046,4.89,31,32,360.4,105,114,148,21,283,105,114,148,21,283,106,6,15,0.4,94,15,26,0.577,35,37,42,713,1,19.27,35,37,42,713,1,19.27,44,444,277,8,3571,8.04,12.89,24,255.1,49,292,485,3046,15,6.28,10.43,217.6,77,91,778,55.57,38,10,60,0,6,38,10,60,0,6,24,59,28,11,14,53,0.898,68,50,12,13,17,42,0.84,61,504,2330,4.62,35,166.4,49,547,2000,3.66,16,142.9,108,38,234,2.71,19,32,28,0,0,19,0,277,19.8,27,61,57,0,0,16,0,471,33.6,18,74,56,382,102,7.3,45,180,75,0.417,58,90,232,0.388,102,   396:37,   28:19,11,13,17,30,11,8,19,11,0.79
Boise St. (Mountain West),14,12,2,48,993,6006,6.05,58,429,33,928,4848,5.22,39,39,346.3,51,92,146,20,258,51,92,146,20,258,41,10,17,0.588,14,11,29,0.379,66,29,50,602,0,20.76,66,29,50,602,0,20.76,38,464,287,11,3664,7.9,12.77,31,261.7,77,271,474,3270,20,6.9,12.07,233.6,49,76,695,49.64,37,14,83,0,5.93,37,14,83,0,5.93,44,57,24,15,11,50,0.877,51,43,15,11,9,35,0.814,59,529,2342,4.43,27,167.3,15,454,1578,3.48,19,112.7,62,27,167,1.93,31,39,33,3,0,11,0,306,21.9,19,63,61,1,0,15,0,486,34.7,23,80,36,353,98,7,10,199,95,0.477,59,77,198,0.389,37,   436:47,   31:11,61,9,10,19,8,11,19,0,0
Boston College (ACC),13,6,7,47,964,5579,5.79,47,429.2,125,983,6223,6.33,48,49,478.7,124,127,166,13,306,124,127,166,13,306,61,13,24,0.542,118,15,22,0.682,77,22,31,465,0,21.14,77,22,31,465,0,21.14,113,305,161,6,2288,7.5,14.21,20,176,122,297,456,3711,29,8.14,12.49,285.5,6,66,486,37.38,29,27,149,0,5.52,29,27,149,0,5.52,83,48,17,12,10,39,0.813,118,53,15,16,17,48,0.906,8,659,3291,4.99,27,253.2,100,527,2512,4.77,19,193.2,4,13,98,1,101,49,49,0,0,25,0,418,32.2,66,49,45,1,0,12,0,377,29,11,76,50,305,101,7.8,36,207,89,0.43,121,98,211,0.464,110,   361:32,   27:48,33,7,10,17,6,6,12,5,0.38
Bowling Green (MAC),12,3,9,120,839,3829,4.56,24,319.1,117,798,5606,7.03,60,62,467.2,51,124,114,20,258,51,124,114,20,258,129,7,32,0.219,48,8,17,0.471,52,32,7,642,0,20.06,52,32,7,642,0,20.06,120,337,189,15,1888,5.6,9.99,9,157.3,64,198,297,2692,24,9.06,13.6,224.3,88,84,710,59.17,54,17,116,0,6.82,54,17,116,0,6.82,127,36,14,6,5,25,0.694,71,51,24,10,9,43,0.843,65,502,1941,3.87,15,161.8,126,501,2914,5.82,36,242.8,9,14,122,1.17,126,62,61,0,0,10,0,463,38.6,128,25,22,0,0,6,1,192,16,98,48,28,280,62,5.2,116,184,61,0.332,105,69,156,0.442,83,   351:54,   29:19,103,8,7,15,6,15,21,-6,-0.5
Buffalo (MAC),13,8,5,82,937,5051,5.39,50,388.5,7,780,3795,4.87,33,35,291.9,5,75,105,19,199,5,75,105,19,199,22,16,25,0.64,28,14,33,0.424,68,37,28,772,0,20.86,68,37,28,772,0,20.86,122,278,150,6,1795,6.46,11.97,14,138.1,22,206,352,2571,18,7.3,12.48,197.8,22,64,580,44.62,104,15,165,0,11,104,15,165,0,11,18,55,31,10,9,50,0.909,5,41,14,6,8,28,0.683,10,659,3256,4.94,36,250.5,4,428,1224,2.86,15,94.2,2,8,59,0.62,26,35,31,0,0,12,0,277,21.3,46,54,50,0,0,11,1,409,31.5,68,62,30,301,77,5.9,25,194,87,0.448,25,60,178,0.337,5,   443:39,   34:07,19,11,11,22,8,6,14,8,0.62
BYU (FBS Independent),13,7,6,28,933,5769,6.18,45,443.8,68,914,5116,5.6,36,40,393.5,73,123,127,17,267,73,123,127,17,267,118,7,19,0.368,49,10,21,0.476,34,46,18,885,0,19.24,34,46,18,885,0,19.24,26,468,296,11,3701,7.91,12.5,20,284.7,65,254,399,2938,22,7.36,11.57,226,59,79,668,51.38,108,16,184,1,11.5,108,16,184,1,11.5,120,60,21,10,13,44,0.733,37,45,12,14,10,36,0.8,68,465,2068,4.45,25,159.1,78,515,2178,4.23,14,167.5,77,29,174,2.23,48,40,36,2,0,17,0,331,25.5,67,46,43,0,0,17,0,370,28.5,117,50,22,208,61,4.7,40,186,79,0.425,77,76,188,0.404,52,   395:05,   30:23,57,7,15,22,10,11,21,1,0.08
California (Pac-12),13,8,5,117,841,4271,5.08,35,328.5,65,945,5076,5.37,32,32,390.5,87,99,159,15,273,87,99,159,15,273,115,6,16,0.375,93,16,28,0.571,94,27,24,599,0,22.19,94,27,24,599,0,22.19,99,365,204,9,2561,7.02,12.55,19,197,112,309,484,3434,16,7.1,11.11,264.2,12,62,528,40.62,72,22,177,0,8.05,72,22,177,0,8.05,53,35,14,11,5,30,0.857,68,50,15,12,15,42,0.84,104,476,1710,3.59,16,131.5,27,461,1642,3.56,16,126.3,124,47,277,3.62,33,32,29,1,1,20,0,285,21.9,112,35,33,0,0,11,0,276,21.2,73,63,24,323,75,5.8,93,173,65,0.376,80,79,195,0.405,78,   381:44,   29:21,46,8,8,16,4,9,13,3,0.23
Central Mich. (MAC),14,8,6,37,999,6070,6.08,55,433.6,41,938,5082,5.42,45,49,363,93,102,146,27,275,93,102,146,27,275,50,17,30,0.567,13,12,32,0.375,103,41,22,945,0,23.05,103,41,22,945,0,23.05,48,473,290,13,3531,7.47,12.18,19,252.2,89,267,445,3363,25,7.56,12.6,240.2,115,118,925,66.07,93,21,197,0,9.38,93,21,197,0,9.38,81,59,29,10,9,48,0.814,124,50,19,15,12,46,0.92,42,526,2539,4.83,36,181.4,24,493,1719,3.49,20,122.8,25,21,151,1.5,72,49,46,0,0,18,1,396,28.3,54,55,47,4,0,13,1,426,30.4,8,90,42,387,111,7.9,61,200,81,0.405,24,64,190,0.337,57,   424:26,   30:19,120,6,13,19,17,13,30,-11,-0.79
Charlotte (C-USA),13,7,6,56,848,5388,6.35,50,414.5,59,824,4952,6.01,50,56,380.9,46,125,109,18,252,46,125,109,18,252,51,13,23,0.565,129,15,19,0.789,123,23,30,589,2,25.61,123,23,30,589,2,25.61,84,321,195,14,2749,8.56,14.1,24,211.5,14,195,314,2457,23,7.82,12.6,189,30,68,594,45.69,116,19,238,3,12.53,116,19,238,3,12.53,35,43,22,10,6,38,0.884,43,52,21,14,7,42,0.808,31,527,2639,5.01,26,203,97,510,2495,4.89,27,191.9,32,21,121,1.62,103,56,51,2,0,10,0,421,32.4,59,52,42,2,0,10,0,388,29.8,33,67,38,322,86,6.6,49,155,64,0.413,92,68,163,0.417,24,   415:53,   31:59,90,6,9,15,5,14,19,-4,-0.31
Cincinnati (AAC),14,11,3,80,993,5464,5.5,49,390.3,40,987,5060,5.13,32,34,361.4,101,114,127,38,279,101,114,127,38,279,21,11,17,0.647,2,5,19,0.263,60,52,15,1059,1,20.37,60,52,15,1059,1,20.37,107,377,208,11,2552,6.77,12.27,19,182.3,60,233,452,3119,17,6.9,13.39,222.8,122,123,977,69.79,24,18,89,0,4.94,24,18,89,0,4.94,69,65,27,16,11,54,0.831,12,51,11,11,15,37,0.725,25,616,2912,4.73,30,208,44,535,1941,3.63,15,138.6,99,35,234,2.5,24,34,28,1,0,18,0,288,20.6,60,52,51,1,1,16,0,415,29.6,29,77,38,359,96,6.9,31,212,92,0.434,55,81,212,0.382,26,   445:42,   31:50,31,10,16,26,9,11,20,6,0.43
Clemson (ACC),15,14,1,5,1075,7931,7.38,85,528.7,6,970,4325,4.46,24,24,288.3,12,92,108,18,218,12,92,108,18,218,77,6,12,0.5,33,10,23,0.435,13,25,83,439,0,17.56,13,25,83,439,0,17.56,23,509,326,10,4325,8.5,13.27,40,288.3,4,231,433,2584,14,5.97,11.19,172.3,29,85,684,45.6,66,9,68,0,7.56,66,9,68,0,7.56,40,67,33,18,8,59,0.881,19,33,7,7,11,25,0.758,13,566,3606,6.37,45,240.4,19,537,1741,3.24,10,116.1,11,18,142,1.2,3,24,23,0,0,12,0,203,13.5,4,88,85,2,0,14,0,659,43.9,7,87,64,504,119,7.9,27,181,80,0.442,11,71,230,0.309,61,   453:49,   30:15,8,11,19,30,5,10,15,15,1
Coastal Carolina (Sun Belt),12,5,7,74,854,4725,5.53,45,393.8,62,761,4603,6.05,48,50,383.6,34,114,112,15,241,34,114,112,15,241,2,23,29,0.793,123,12,17,0.706,120,41,16,1008,0,24.59,120,41,16,1008,0,24.59,97,334,217,9,2379,7.12,10.96,21,198.3,61,229,328,2682,25,8.18,11.71,223.5,45,67,586,48.83,47,14,90,0,6.43,47,14,90,0,6.43,87,54,21,13,9,43,0.796,90,42,17,15,4,36,0.857,34,520,2346,4.51,24,195.5,70,433,1921,4.44,23,160.1,39,20,123,1.67,85,50,48,0,0,6,0,366,30.5,55,46,35,4,0,15,0,364,30.3,86,46,40,251,66,5.5,59,172,70,0.407,122,68,146,0.466,10,   400:53,   33:24,61,6,11,17,8,9,17,0,0
Colorado (Pac-12),12,5,7,83,847,4662,5.5,32,388.5,104,815,5303,6.51,49,50,441.9,58,97,150,14,261,58,97,150,14,261,33,12,20,0.6,77,7,13,0.538,59,15,34,305,0,20.33,59,15,34,305,0,20.33,61,411,257,11,2858,6.95,11.12,18,238.2,123,267,406,3460,28,8.52,12.96,288.3,95,85,726,60.5,121,15,200,1,13.33,121,15,200,1,13.33,89,43,13,7,14,34,0.791,65,43,16,11,9,36,0.837,79,436,1804,4.14,14,150.3,61,409,1843,4.51,21,153.6,41,21,131,1.75,96,50,49,0,0,11,0,382,31.8,100,33,31,1,0,17,0,282,23.5,122,50,4,261,52,4.3,48,179,74,0.413,125,74,156,0.474,49,   367:05,   30:35,43,6,11,17,3,11,14,3,0.25
Colorado St. (Mountain West),12,4,8,34,841,5249,6.24,39,437.4,52,811,4529,5.58,42,47,377.4,31,119,91,28,238,31,119,91,28,238,69,11,21,0.524,118,15,22,0.682,128,18,36,498,1,27.67,128,18,36,498,1,27.67,14,446,280,11,3663,8.21,13.08,21,305.3,7,183,316,2179,19,6.9,11.91,181.6,113,80,785,65.42,30,17,94,0,5.53,30,17,94,0,5.53,110,46,14,12,9,35,0.761,106,43,18,10,10,38,0.884,103,395,1586,4.02,18,132.2,104,495,2350,4.75,23,195.8,81,27,180,2.25,91,47,45,1,0,15,0,374,31.2,71,42,41,1,0,14,0,337,28.1,83,55,26,257,68,5.7,70,169,67,0.396,36,60,168,0.357,63,   362:47,   30:13,123,7,6,13,13,11,24,-11,-0.92
Duke (ACC),12,5,7,114,873,3956,4.53,34,329.7,56,852,4555,5.35,40,43,379.6,25,110,101,21,232,25,110,101,21,232,30,20,33,0.606,65,11,21,0.524,56,31,16,629,1,20.29,56,31,16,629,1,20.29,110,378,213,14,2152,5.69,10.1,18,179.3,24,185,353,2388,21,6.76,12.91,199,27,63,544,45.33,96,20,193,0,9.65,96,20,193,0,9.65,20,32,13,6,10,29,0.906,76,45,15,12,11,38,0.844,79,495,1804,3.64,16,150.3,87,499,2167,4.34,19,180.6,86,28,140,2.33,77,43,39,1,0,17,0,350,29.2,94,37,34,1,0,15,0,303,25.3,31,58,44,308,80,6.7,115,193,64,0.332,43,68,183,0.372,89,   348:18,   29:01,123,8,9,17,14,14,28,-11,-0.92
East Carolina (AAC),12,4,8,46,900,5162,5.74,34,430.2,119,864,5632,6.52,52,53,469.3,98,125,133,20,278,98,125,133,20,278,98,3,7,0.429,89,13,23,0.565,117,16,45,388,0,24.25,117,16,45,388,0,24.25,22,451,270,10,3466,7.69,12.84,22,288.8,108,231,371,3139,24,8.46,13.59,261.6,58,71,615,51.25,102,16,172,0,10.75,102,16,172,0,10.75,72,52,12,12,19,43,0.827,100,47,23,9,9,41,0.872,91,449,1696,3.78,12,141.3,113,493,2493,5.06,28,207.8,22,17,150,1.42,111,53,50,2,0,10,1,404,33.7,78,36,33,0,0,24,0,321,26.8,71,57,26,245,70,5.8,71,178,70,0.393,99,72,170,0.424,75,   354:48,   29:34,53,7,11,18,7,10,17,1,0.08
Eastern Mich. (MAC),13,6,7,67,883,5271,5.97,48,405.5,94,922,5596,6.07,51,52,430.5,113,138,134,17,289,113,138,134,17,289,83,12,25,0.48,126,15,20,0.75,113,26,36,619,1,23.81,113,26,36,619,1,23.81,28,465,313,12,3681,7.92,11.76,27,283.2,81,241,380,3071,21,8.08,12.74,236.2,13,59,531,40.85,111,10,117,0,11.7,111,10,117,0,11.7,99,49,19,10,9,38,0.776,83,47,25,10,5,40,0.851,116,418,1590,3.8,21,122.3,102,542,2525,4.66,30,194.2,44,23,134,1.77,87,52,45,3,0,11,1,398,30.6,65,49,35,4,0,14,0,379,29.2,121,40,34,231,57,4.4,68,168,67,0.399,108,82,183,0.448,99,   371:03,   28:32,40,10,11,21,5,12,17,4,0.31
FIU (C-USA),13,6,7,91,877,4902,5.59,37,377.1,69,898,5117,5.7,42,43,393.6,95,141,110,26,277,95,141,110,26,277,61,13,24,0.542,101,12,20,0.6,86,28,42,603,1,21.54,86,28,42,603,1,21.54,83,389,223,6,2754,7.08,12.35,14,211.8,17,210,384,2535,16,6.6,12.07,195,82,79,751,57.77,1,9,-4,0,-0.44,1,9,-4,0,-0.44,108,55,20,8,14,42,0.764,116,50,21,11,13,45,0.9,63,488,2148,4.4,23,165.2,106,514,2582,5.02,26,198.6,7,14,84,1.08,63,43,37,1,0,19,0,354,27.2,83,40,37,1,0,21,1,344,26.5,96,50,36,268,68,5.2,89,184,70,0.38,67,70,178,0.393,90,   376:34,   28:58,46,6,12,18,9,6,15,3,0.23
Fla. Atlantic (C-USA),14,11,3,23,1053,6280,5.96,62,448.6,50,979,5239,5.35,40,41,374.2,85,94,145,33,272,85,94,145,33,272,38,13,22,0.591,44,13,28,0.464,16,45,30,798,0,17.73,16,45,30,798,0,17.73,29,502,314,8,3956,7.88,12.6,30,282.6,87,281,481,3342,23,6.95,11.89,238.7,97,95,852,60.86,84,14,125,0,8.93,84,14,125,0,8.93,15,68,26,19,17,62,0.912,16,40,13,10,7,30,0.75,62,551,2324,4.22,32,166,33,498,1897,3.81,17,135.5,64,28,218,2,40,41,34,3,0,10,1,318,22.7,14,65,56,4,1,18,0,510,36.4,47,71,34,338,88,6.3,64,201,81,0.403,13,63,201,0.313,91,   405:07,   28:56,1,11,22,33,4,8,12,21,1.5
Florida (SEC),13,11,2,45,865,5597,6.47,54,430.5,9,809,3963,4.9,23,23,304.8,8,76,121,16,213,8,76,121,16,213,25,16,26,0.615,3,3,10,0.3,53,25,53,502,0,20.08,53,25,53,502,0,20.08,16,467,317,10,3910,8.37,12.33,33,300.8,32,235,390,2627,14,6.74,11.18,202.1,36,67,618,47.54,3,7,9,0,1.29,3,7,9,0,1.29,59,54,15,22,9,46,0.852,3,35,5,9,9,23,0.657,107,398,1687,4.24,21,129.8,8,419,1336,3.19,9,102.8,58,25,178,1.92,7,23,22,1,0,13,0,201,15.5,28,55,51,0,0,17,0,432,33.2,10,69,66,447,102,7.8,53,158,65,0.411,40,67,184,0.364,60,   393:22,   30:15,33,7,16,23,8,10,18,5,0.38
Florida St. (ACC),13,6,7,60,909,5308,5.84,48,408.3,90,1039,5514,5.31,37,40,424.2,125,105,163,41,309,125,105,163,41,309,46,11,19,0.579,65,11,21,0.524,112,14,47,332,0,23.71,112,14,47,332,0,23.71,34,432,279,13,3479,8.05,12.47,24,267.6,119,308,504,3597,19,7.14,11.68,276.7,127,119,953,73.31,32,17,96,0,5.65,32,17,96,0,5.65,73,40,17,10,6,33,0.825,92,64,17,13,25,55,0.859,93,477,1829,3.83,24,140.7,54,535,1917,3.58,18,147.5,125,48,295,3.69,67,40,34,2,0,28,0,362,27.8,73,49,46,1,0,7,0,363,27.9,79,51,46,257,74,5.7,103,191,68,0.356,78,91,225,0.404,125,   341:19,   26:15,86,10,8,18,8,13,21,-3,-0.23
Fresno St. (Mountain West),12,4,8,85,767,4632,6.04,44,386,88,879,5037,5.73,44,46,419.8,63,122,121,19,262,63,122,121,19,262,89,6,13,0.462,83,15,27,0.556,100,37,22,837,1,22.62,100,37,22,837,1,22.62,70,373,241,11,2721,7.29,11.29,17,226.8,107,268,434,3110,20,7.17,11.6,259.2,67,75,634,52.83,18,12,51,0,4.25,18,12,51,0,4.25,96,54,23,11,8,42,0.778,38,56,22,14,9,45,0.804,67,394,1911,4.85,27,159.3,71,445,1927,4.33,24,160.6,55,23,158,1.92,82,46,42,2,0,13,0,361,30.1,58,46,44,1,0,12,1,360,30,92,53,22,228,64,5.3,92,146,55,0.377,96,72,171,0.421,88,   348:25,   29:02,38,11,11,22,7,11,18,4,0.33
Ga. Southern (Sun Belt),13,7,6,118,821,4260,5.19,38,327.7,55,871,4929,5.66,46,47,379.2,36,97,127,18,242,36,97,127,18,242,98,6,14,0.429,73,17,32,0.531,32,10,55,191,1,19.1,32,10,55,191,1,19.1,130,155,80,1,968,6.25,12.1,9,74.5,92,242,403,3157,28,7.83,13.05,242.8,20,66,569,43.77,11,23,76,0,3.3,11,23,76,0,3.3,53,42,20,3,13,36,0.857,112,46,17,17,7,41,0.891,7,666,3292,4.94,29,253.2,35,468,1772,3.79,18,136.3,67,27,135,2.08,70,47,42,3,0,12,0,366,28.2,70,44,36,2,0,20,1,366,28.2,39,72,24,276,84,6.5,123,166,51,0.307,26,59,175,0.337,13,   428:36,   32:58,19,10,9,19,10,1,11,8,0.62
Georgia (SEC),14,12,2,61,940,5713,6.08,47,408.1,3,900,3860,4.29,18,20,275.7,14,69,127,26,222,14,69,127,26,222,33,6,10,0.6,1,6,23,0.261,20,14,68,252,0,18,20,14,68,252,0,18,72,415,255,6,3122,7.52,12.24,26,223,31,285,501,2815,16,5.62,9.88,201.1,47,76,685,48.93,82,12,106,0,8.83,82,12,106,0,8.83,6,56,18,18,17,53,0.946,13,26,2,11,6,19,0.731,41,525,2591,4.94,21,185.1,1,399,1045,2.62,2,74.6,5,15,96,1.07,1,20,20,0,0,12,0,176,12.6,50,50,46,2,0,27,0,431,30.8,89,59,34,349,76,5.4,51,187,77,0.412,14,66,209,0.316,18,   451:49,   32:16,49,8,8,16,7,6,13,3,0.21
Georgia St. (Sun Belt),13,7,6,31,981,5718,5.83,52,439.8,112,886,5922,6.68,60,62,455.5,112,143,126,18,287,112,143,126,18,287,81,13,27,0.481,80,13,24,0.542,111,26,41,616,0,23.69,111,26,41,616,0,23.69,98,385,238,9,2577,6.69,10.83,22,198.2,84,230,362,3093,27,8.54,13.45,237.9,17,56,557,42.85,95,15,143,0,9.53,95,15,143,0,9.53,76,56,21,17,8,46,0.821,111,55,23,17,9,49,0.891,12,596,3141,5.27,30,241.6,119,524,2829,5.4,33,217.6,24,19,145,1.46,121,62,53,2,0,14,0,471,36.2,47,53,50,1,0,12,0,406,31.2,117,51,20,221,61,4.7,20,195,89,0.456,113,81,179,0.453,74,   385:00,   29:36,57,8,9,17,7,9,16,1,0.08
Georgia Tech (ACC),12,3,9,127,717,3436,4.79,26,286.3,89,870,5075,5.83,45,49,422.9,80,143,106,22,271,80,143,106,22,271,85,8,17,0.471,120,13,19,0.684,69,23,3,481,0,20.91,69,23,3,481,0,20.91,124,269,124,10,1607,5.97,12.96,14,133.9,36,200,331,2492,18,7.53,12.46,207.7,15,57,493,41.08,107,30,343,1,11.43,107,30,343,1,11.43,130,27,9,5,2,16,0.593,25,62,23,13,12,48,0.774,72,448,1829,4.08,12,152.4,117,539,2583,4.79,27,215.3,86,28,182,2.33,104,49,47,0,0,16,0,389,32.4,124,27,23,2,0,3,1,200,16.7,103,52,18,205,61,5.1,125,163,49,0.301,111,80,177,0.452,121,   320:31,   26:42,93,9,7,16,10,10,20,-4,-0.33
Hawaii (Mountain West),15,10,5,13,1056,7065,6.69,63,471,96,1029,6470,6.29,60,61,431.3,130,156,157,28,341,130,156,157,28,341,30,20,33,0.606,43,12,26,0.462,89,30,48,654,0,21.8,89,30,48,654,0,21.8,5,635,396,17,5056,7.96,12.77,42,337.1,67,286,484,3428,23,7.08,11.99,228.5,99,103,918,61.2,123,12,165,0,13.75,123,12,165,0,13.75,70,59,19,24,6,49,0.831,84,54,26,6,14,46,0.852,100,421,2009,4.77,21,133.9,111,545,3042,5.58,37,202.8,51,27,173,1.8,98,61,59,1,0,17,0,478,31.9,24,68,64,2,0,10,1,508,33.9,126,51,20,170,61,4.1,12,186,88,0.473,87,80,194,0.412,35,   470:30,   31:22,117,5,14,19,13,17,30,-11,-0.73
Houston (AAC),12,4,8,78,780,4698,6.02,39,391.5,118,824,5610,6.81,53,54,467.5,55,104,137,18,259,55,104,137,18,259,10,12,17,0.706,89,13,23,0.565,14,31,27,546,0,17.61,14,31,27,546,0,17.61,91,314,176,12,2440,7.77,13.86,19,203.3,124,251,410,3461,29,8.44,13.79,288.4,38,58,579,48.25,62,19,137,0,7.21,62,19,137,0,7.21,35,43,16,6,16,38,0.884,110,45,19,15,6,40,0.889,37,466,2258,4.85,20,188.2,85,414,2149,5.19,24,179.1,114,35,199,2.92,113,54,52,0,0,10,1,408,34,51,44,40,2,0,20,0,368,30.7,84,43,48,250,67,5.6,108,155,54,0.348,72,65,163,0.399,38,   373:12,   31:06,111,6,8,14,9,12,21,-7,-0.58
Illinois (Big Ten),13,6,7,115,857,4283,5,38,329.5,77,949,5310,5.6,40,41,408.5,95,131,124,22,277,95,131,124,22,277,122,5,15,0.333,113,14,22,0.636,4,18,43,294,0,16.33,4,18,43,294,0,16.33,105,366,198,9,2409,6.58,12.17,19,185.3,45,207,355,2768,21,7.8,13.37,212.9,100,87,797,61.31,75,27,231,0,8.56,75,27,231,0,8.56,58,34,15,9,5,29,0.853,62,53,15,14,15,44,0.83,87,491,1874,3.82,19,144.2,103,594,2542,4.28,19,195.5,117,39,288,3,54,41,33,2,0,19,0,340,26.2,79,44,42,1,0,13,0,347,26.7,15,74,48,311,98,7.5,105,181,64,0.354,44,71,191,0.372,128,   338:27,   26:02,12,16,12,28,9,9,18,10,0.77
Indiana (Big Ten),13,8,5,41,940,5626,5.99,48,432.8,36,853,4579,5.37,37,39,352.2,41,95,117,36,248,41,95,117,36,248,92,8,18,0.444,64,12,23,0.522,50,27,43,540,0,20,50,27,43,540,0,20,15,473,321,9,3931,8.31,12.25,24,302.4,46,219,394,2778,20,7.05,12.68,213.7,111,88,830,63.85,87,7,64,0,9.14,87,7,64,0,9.14,56,62,24,15,14,53,0.855,115,38,12,12,10,34,0.895,106,467,1695,3.63,24,130.4,43,459,1801,3.92,17,138.5,67,27,148,2.08,45,39,35,2,0,14,1,317,24.4,43,51,46,2,0,19,0,413,31.8,53,66,28,299,80,6.2,15,177,83,0.469,34,62,176,0.352,7,   438:31,   33:43,50,10,7,17,6,9,15,2,0.15
Iowa (Big Ten),13,10,3,99,864,4765,5.52,33,366.5,12,835,4007,4.8,20,21,308.2,9,83,121,12,216,9,83,121,12,216,9,15,21,0.714,4,4,13,0.308,8,28,31,482,0,17.21,8,28,31,482,0,17.21,68,411,243,7,2976,7.24,12.25,16,228.9,19,248,417,2544,14,6.1,10.26,195.7,3,56,421,32.38,49,11,73,0,6.64,49,11,73,0,6.64,4,42,14,10,16,40,0.952,34,29,6,7,10,23,0.793,97,453,1789,3.95,17,137.6,14,418,1463,3.5,6,112.5,44,23,219,1.77,5,21,20,0,0,12,0,182,14,88,36,32,0,0,29,0,335,25.8,101,51,32,282,67,5.2,57,189,77,0.407,50,72,190,0.379,22,   416:22,   32:01,14,9,12,21,5,7,12,9,0.69
Iowa St. (Big 12),13,7,6,27,896,5776,6.45,51,444.3,45,896,4801,5.36,35,39,369.3,37,105,130,11,246,37,105,130,11,246,98,9,21,0.429,74,8,15,0.533,46,57,12,1127,1,19.77,46,57,12,1127,1,19.77,11,484,315,9,4047,8.36,12.85,29,311.3,72,279,441,2987,22,6.77,10.71,229.8,8,61,496,38.15,41,16,99,0,6.19,41,16,99,0,6.19,8,53,19,18,13,50,0.943,113,37,10,11,12,33,0.892,102,412,1729,4.2,22,133,47,455,1814,3.99,13,139.5,18,18,117,1.38,50,39,35,1,0,22,0,337,25.9,39,53,49,0,0,17,0,418,32.2,36,73,24,299,85,6.5,87,168,64,0.381,89,84,203,0.414,51,   395:15,   30:24,86,7,6,13,7,9,16,-3,-0.23
Kansas (Big 12),12,3,9,90,773,4527,5.86,35,377.3,122,927,5702,6.15,54,56,475.2,125,151,138,20,309,125,151,138,20,309,121,7,20,0.35,56,8,16,0.5,62,26,15,531,0,20.42,62,26,15,531,0,20.42,66,390,235,14,2778,7.12,11.82,25,231.5,98,240,376,2994,22,7.96,12.48,249.5,52,66,601,50.08,127,18,274,1,15.22,127,18,274,1,15.22,37,34,7,13,10,30,0.882,99,61,30,13,10,53,0.869,86,383,1749,4.57,10,145.8,124,551,2708,4.91,32,225.7,55,23,152,1.92,120,56,50,0,1,15,0,433,36.1,100,36,27,3,0,11,0,282,23.5,109,52,16,236,60,5,72,166,65,0.392,128,92,176,0.523,120,   320:40,   26:43,125,2,6,8,6,14,20,-12,-1
Kansas St. (Big 12),13,8,5,103,841,4666,5.55,41,358.9,44,776,4789,6.17,31,31,368.4,15,96,109,19,224,15,96,109,19,224,33,9,15,0.6,23,7,17,0.412,22,33,29,597,0,18.09,22,33,29,597,0,18.09,108,303,181,5,2352,7.76,12.99,12,180.9,33,207,350,2638,12,7.54,12.74,202.9,63,77,679,52.23,117,10,126,0,12.6,117,10,126,0,12.6,1,52,28,7,15,50,0.962,130,34,14,4,15,33,0.971,47,538,2314,4.3,29,178,76,426,2151,5.05,19,165.5,58,25,128,1.92,27,31,30,1,0,20,0,278,21.4,61,47,46,0,0,19,0,385,29.6,109,54,22,269,65,5,34,174,75,0.431,2,42,150,0.28,9,   434:52,   33:27,57,4,11,15,9,5,14,1,0.08
Kent St. (MAC),13,7,6,66,905,5273,5.83,41,405.6,121,974,6155,6.32,52,52,473.5,129,168,129,27,324,129,168,129,27,324,14,8,12,0.667,122,16,23,0.696,23,38,30,690,0,18.16,23,38,30,690,0,18.16,78,355,238,2,2846,8.02,11.96,24,218.9,68,224,349,2974,18,8.52,13.28,228.8,89,80,772,59.38,8,15,39,0,2.6,8,15,39,0,2.6,28,48,15,9,19,43,0.896,95,60,28,10,14,52,0.867,40,550,2427,4.41,17,186.7,127,625,3181,5.09,34,244.7,121,41,206,3.15,97,52,48,0,0,18,0,414,31.8,63,42,39,1,0,29,0,380,29.2,101,59,16,230,67,5.2,29,196,86,0.439,114,84,185,0.454,127,   340:06,   26:09,27,11,7,18,10,2,12,6,0.46
Kentucky (SEC),13,8,5,76,830,5102,6.15,45,392.5,21,796,4220,5.3,30,32,324.6,19,99,104,22,225,19,99,104,22,225,75,14,27,0.519,8,6,17,0.353,3,15,48,244,0,16.27,3,15,48,244,0,16.27,127,257,128,8,1478,5.75,11.55,9,113.7,2,202,353,2182,9,6.18,10.8,167.8,56,75,661,50.85,79,11,95,0,8.64,79,11,95,0,8.64,85,40,21,6,5,32,0.8,29,33,14,6,6,26,0.788,4,573,3624,6.32,36,278.8,64,443,2038,4.6,21,156.8,14,17,93,1.31,14,32,29,0,0,10,0,251,19.3,76,47,42,0,0,9,1,353,27.2,79,69,10,321,74,5.7,78,162,63,0.389,65,65,166,0.392,20,   418:00,   32:09,70,11,8,19,12,8,20,-1,-0.08
La.-Monroe (Sun Belt),12,5,7,17,868,5531,6.37,50,460.9,128,865,5802,6.71,56,61,483.5,105,157,105,21,283,105,157,105,21,283,48,16,28,0.571,65,11,21,0.524,71,25,38,524,1,20.96,71,25,38,524,1,20.96,46,412,246,12,3044,7.39,12.37,21,253.7,73,207,336,2770,25,8.24,13.38,230.8,109,95,764,63.67,85,16,144,1,9,85,16,144,1,9,84,51,22,10,9,41,0.804,100,47,20,12,9,41,0.872,26,456,2487,5.45,29,207.3,128,529,3032,5.73,31,252.7,17,16,112,1.33,127,61,57,1,0,13,0,464,38.7,45,51,44,1,0,9,0,379,31.6,92,50,28,231,64,5.3,66,175,70,0.4,99,72,170,0.424,77,   353:03,   29:25,61,8,10,18,6,12,18,0,0
Liberty (FBS Independent),13,8,5,32,887,5712,6.44,54,439.4,80,926,5319,5.74,45,46,409.2,87,118,124,31,273,87,118,124,31,273,125,5,16,0.313,42,11,24,0.458,40,25,51,487,0,19.48,40,25,51,487,0,19.48,21,452,257,8,3756,8.31,14.61,29,288.9,52,230,385,2853,27,7.41,12.4,219.5,105,88,801,61.62,74,15,123,0,8.2,74,15,123,0,8.2,62,56,22,17,8,47,0.839,43,52,15,14,13,42,0.808,78,435,1956,4.5,25,150.5,96,541,2466,4.56,18,189.7,71,28,199,2.15,68,46,42,1,0,15,0,365,28.1,34,56,52,0,0,13,0,427,32.8,53,59,42,276,80,6.2,58,167,68,0.407,98,82,194,0.423,112,   360:37,   27:44,50,6,12,18,8,8,16,2,0.15
Louisiana (Sun Belt),14,11,3,8,987,6918,7.01,69,494.1,47,955,5205,5.45,32,33,371.8,118,147,120,29,296,118,147,120,29,296,66,9,17,0.529,22,11,27,0.407,12,40,42,702,0,17.55,12,40,42,702,0,17.55,62,413,268,4,3314,8.02,12.37,27,236.7,21,235,410,2768,11,6.75,11.78,197.7,84,98,817,58.36,67,12,91,0,7.58,67,12,91,0,7.58,46,70,29,19,13,61,0.871,9,43,18,4,9,31,0.721,6,574,3604,6.28,42,257.4,82,545,2437,4.47,21,174.1,5,15,131,1.07,18,33,28,1,0,16,0,276,19.7,10,69,67,0,0,16,1,531,37.9,116,55,22,297,66,4.7,11,168,80,0.476,39,68,188,0.362,67,   420:39,   30:02,37,9,10,19,10,4,14,5,0.36
Louisiana Tech (C-USA),13,10,3,35,933,5679,6.09,48,436.8,53,941,4910,5.22,33,35,377.7,77,97,153,19,269,77,97,153,19,269,115,6,16,0.375,53,15,31,0.484,63,57,9,1171,1,20.54,63,57,9,1171,1,20.54,32,458,285,10,3490,7.62,12.25,21,268.5,90,278,463,3126,14,6.75,11.24,240.5,32,72,605,46.54,87,14,128,0,9.14,87,14,128,0,9.14,43,49,22,11,10,43,0.878,1,51,16,8,9,33,0.647,57,475,2189,4.61,27,168.4,38,478,1784,3.73,19,137.2,77,29,164,2.23,30,35,35,0,0,13,0,284,21.8,35,54,53,0,0,15,0,422,32.5,59,65,28,239,79,6.1,46,174,72,0.414,31,68,195,0.349,43,   399:38,   30:44,26,9,17,26,9,10,19,7,0.54
Louisville (ACC),13,8,5,24,871,5815,6.68,55,447.3,102,904,5719,6.33,58,58,439.9,111,127,137,22,286,111,127,137,22,286,29,14,23,0.609,33,10,23,0.435,84,54,14,1159,0,21.46,84,54,14,1159,0,21.46,65,302,178,9,3048,10.09,17.12,32,234.5,79,243,406,3044,31,7.5,12.53,234.2,92,93,780,60,22,18,88,0,4.89,22,18,88,0,4.89,78,44,17,13,6,36,0.818,71,51,20,18,5,43,0.843,24,569,2767,4.86,23,212.8,112,498,2675,5.37,27,205.8,117,39,220,3,109,58,57,1,0,9,0,434,33.4,30,58,55,0,0,9,0,430,33.1,61,70,16,307,78,6,34,174,75,0.431,52,66,174,0.379,33,   408:54,   31:27,70,11,7,18,10,9,19,-1,-0.08
LSU (SEC),15,15,0,1,1080,8526,7.89,93,568.4,31,1008,5153,5.11,39,42,343.5,105,87,158,38,283,105,87,158,38,283,14,6,9,0.667,53,15,31,0.484,97,15,110,337,0,22.47,97,15,110,337,0,22.47,2,567,426,7,6024,10.62,14.14,61,401.6,59,264,521,3341,20,6.41,12.66,222.7,107,93,936,62.4,120,9,117,1,13,120,9,117,1,13,2,75,25,34,13,72,0.96,26,40,14,12,5,31,0.775,60,513,2502,4.88,32,166.8,21,487,1812,3.72,19,120.8,86,35,221,2.33,32,42,37,3,0,11,0,328,21.9,1,95,89,1,0,21,1,726,48.4,40,76,40,419,96,6.4,4,183,91,0.497,6,63,213,0.296,53,   455:44,   30:22,15,5,17,22,5,7,12,10,0.67
Marshall (C-USA),13,8,5,73,887,5119,5.77,37,393.8,57,891,4935,5.54,39,41,379.6,73,106,132,29,267,73,106,132,29,267,98,6,14,0.429,27,8,19,0.421,129,25,33,716,0,28.64,129,25,33,716,0,28.64,95,355,200,11,2605,7.34,13.03,16,200.4,75,239,410,3011,16,7.34,12.6,231.6,65,75,680,52.31,40,19,117,0,6.16,40,19,117,0,6.16,94,42,18,6,9,33,0.786,28,47,18,9,10,37,0.787,35,532,2514,4.73,21,193.4,56,481,1924,4,23,148,58,25,182,1.92,47,41,40,0,0,13,0,325,25,88,40,35,2,0,18,1,335,25.8,109,44,42,269,65,5,81,179,69,0.385,63,72,184,0.391,40,   402:34,   30:58,78,6,10,16,7,11,18,-2,-0.15
Maryland (Big Ten),12,3,9,109,767,4121,5.37,39,343.4,109,906,5390,5.95,50,53,449.2,94,122,137,17,276,94,122,137,17,276,126,8,26,0.308,37,8,18,0.444,76,42,8,885,1,21.07,76,42,8,885,1,21.07,114,342,172,12,2088,6.11,12.14,16,174,116,264,405,3255,23,8.04,12.33,271.3,40,70,585,48.75,16,17,68,0,4,16,17,68,0,4,129,35,13,8,2,23,0.657,82,66,27,14,15,56,0.848,55,425,2033,4.78,23,169.4,83,501,2135,4.26,27,177.9,122,38,262,3.17,115,53,50,0,0,16,0,416,34.7,94,42,39,0,0,2,3,303,25.3,48,65,20,246,75,6.3,119,168,54,0.321,102,78,180,0.433,129,   309:04,   25:45,97,6,10,16,9,12,21,-5,-0.42
Massachusetts (FBS Independent),12,1,11,126,822,3517,4.28,29,293.1,130,867,6734,7.77,82,86,561.2,127,162,135,14,311,127,162,135,14,311,114,11,29,0.379,108,11,18,0.611,88,29,10,629,0,21.69,88,29,10,629,0,21.69,117,392,218,16,2022,5.16,9.28,15,168.5,109,217,318,3145,32,9.89,14.49,262.1,109,83,764,63.67,112,14,167,1,11.93,112,14,167,1,11.93,105,34,10,10,6,26,0.765,107,69,38,17,6,61,0.884,114,430,1495,3.48,14,124.6,130,549,3589,6.54,50,299.1,81,27,174,2.25,130,86,84,1,0,10,0,632,52.7,118,31,30,0,0,7,0,237,19.8,127,44,8,153,48,4,110,191,66,0.346,127,73,142,0.514,126,   314:59,   26:14,53,11,10,21,4,16,20,1,0.08
Memphis (AAC),14,12,2,10,992,6791,6.85,65,485.1,61,999,5369,5.37,42,45,383.5,104,134,120,28,282,104,134,120,28,282,43,14,24,0.583,53,15,31,0.484,27,30,65,557,0,18.57,27,30,65,557,0,18.57,17,441,281,11,4177,9.47,14.86,33,298.4,20,219,413,2742,15,6.64,12.52,195.9,91,103,839,59.93,50,16,107,1,6.69,50,16,107,1,6.69,77,61,21,16,13,50,0.82,124,50,20,10,16,46,0.92,39,551,2614,4.74,32,186.7,93,586,2627,4.48,27,187.6,62,27,170,1.93,58,45,38,4,0,18,0,370,26.4,8,71,65,1,1,23,1,566,40.4,26,80,34,348,97,6.9,19,193,89,0.461,70,83,210,0.395,50,   427:25,   30:31,69,8,11,19,9,11,20,-1,-0.07
"Miami, FL (ACC)",13,6,7,98,844,4774,5.66,43,367.2,13,849,4028,4.74,29,30,309.8,13,83,106,30,219,13,83,106,30,219,73,13,25,0.52,123,12,17,0.706,114,28,36,670,0,23.93,114,28,36,670,0,23.93,52,437,255,10,3239,7.41,12.7,27,249.2,18,208,379,2538,16,6.7,12.2,195.2,93,91,782,60.15,28,24,132,0,5.5,28,24,132,0,5.5,122,54,13,16,10,39,0.722,41,36,9,8,12,29,0.806,120,407,1535,3.77,16,118.1,17,470,1490,3.17,13,114.6,127,51,316,3.92,23,30,28,1,0,17,1,263,20.2,90,43,38,1,0,12,0,334,25.7,4,88,40,442,108,8.3,129,162,44,0.272,42,75,202,0.371,62,   393:04,   30:14,46,10,10,20,7,10,17,3,0.23
"Miami, OH (MAC)",14,8,6,122,870,4328,4.97,33,309.1,60,1014,5347,5.27,50,52,381.9,121,142,132,27,301,121,142,132,27,301,120,6,17,0.353,62,15,29,0.517,110,16,52,379,0,23.69,110,16,52,379,0,23.69,111,337,183,10,2495,7.4,13.63,11,178.2,40,259,436,2929,26,6.72,11.31,209.2,44,80,683,48.79,109,26,303,0,11.65,109,26,303,0,11.65,48,46,18,6,16,40,0.87,59,51,17,15,10,42,0.824,105,533,1833,3.44,22,130.9,81,578,2418,4.18,24,172.7,76,31,183,2.21,69,52,49,0,0,11,0,394,28.1,99,37,36,0,0,26,1,338,24.1,13,81,54,428,108,7.7,113,201,67,0.333,76,82,203,0.404,107,   392:56,   28:04,52,9,11,20,8,10,18,2,0.14
Michigan (Big Ten),13,9,4,68,905,5220,5.77,51,401.5,11,846,3994,4.72,36,37,307.2,22,95,103,28,226,22,95,103,28,226,60,12,22,0.545,100,13,22,0.591,105,19,34,440,1,23.16,105,19,34,440,1,23.16,50,410,228,9,3261,7.95,14.3,25,250.8,10,198,345,2412,16,6.99,12.18,185.5,51,80,649,49.92,60,19,134,0,7.05,60,19,134,0,7.05,81,59,23,13,12,48,0.814,35,34,17,8,2,27,0.794,77,495,1959,3.96,26,150.7,22,501,1582,3.16,20,121.7,58,25,207,1.92,25,37,36,1,0,3,0,269,20.7,44,52,46,3,0,16,0,412,31.7,59,60,38,387,79,6.1,74,174,68,0.391,19,59,182,0.324,76,   383:52,   29:31,61,11,9,20,11,9,20,0,0
Michigan St. (Big Ten),13,7,6,95,932,4835,5.19,29,371.9,18,843,4181,4.96,35,37,321.6,19,85,115,25,225,19,85,115,25,225,24,13,21,0.619,49,10,21,0.476,87,40,15,867,0,21.68,87,40,15,867,0,21.68,55,464,270,15,3182,6.86,11.79,17,244.8,37,241,403,2702,24,6.7,11.21,207.8,69,75,700,53.85,91,25,231,0,9.24,91,25,231,0,9.24,112,54,11,15,15,41,0.759,21,38,8,12,9,29,0.763,113,468,1653,3.53,12,127.2,16,440,1479,3.36,11,113.8,18,18,113,1.38,37,37,33,1,0,12,0,293,22.5,105,32,31,0,0,22,1,291,22.4,21,69,46,405,92,7.1,99,192,70,0.365,30,64,184,0.348,34,   408:08,   31:23,78,10,12,22,9,15,24,-2,-0.15
Middle Tenn. (C-USA),12,4,8,59,771,4900,6.36,40,408.3,114,888,5512,6.21,42,43,459.3,98,128,138,12,278,98,128,138,12,278,66,9,17,0.529,98,17,29,0.586,36,39,9,754,0,19.33,36,39,9,754,0,19.33,63,367,227,9,2837,7.73,12.5,22,236.4,113,271,415,3184,23,7.67,11.75,265.3,16,57,511,42.58,53,21,143,1,6.81,53,21,143,1,6.81,29,38,15,11,8,34,0.895,18,53,15,11,14,40,0.755,53,404,2063,5.11,18,171.9,101,473,2328,4.92,19,194,52,22,133,1.83,81,43,39,0,1,20,0,359,29.9,85,41,35,1,0,11,0,316,26.3,95,50,26,203,63,5.3,107,148,52,0.351,103,78,179,0.436,118,   323:42,   26:58,43,9,8,17,5,9,14,3,0.25
Minnesota (Big Ten),13,11,2,42,883,5616,6.36,56,432,10,787,3986,5.06,32,37,306.6,24,92,119,18,229,24,92,119,18,229,19,13,20,0.65,83,10,18,0.556,85,44,31,947,1,21.52,85,44,31,947,1,21.52,47,323,212,8,3293,10.2,15.53,31,253.3,9,200,357,2395,14,6.71,11.98,184.2,10,56,502,38.62,2,6,1,0,0.17,2,6,1,0,0.17,24,59,24,19,10,53,0.898,123,35,15,8,9,32,0.914,46,560,2323,4.15,25,178.7,23,430,1591,3.7,18,122.4,85,30,185,2.31,37,37,31,1,0,12,1,293,22.5,21,59,54,1,0,11,0,443,34.1,115,45,34,282,62,4.8,8,161,78,0.484,48,62,165,0.376,4,   444:42,   34:12,40,5,14,19,7,8,15,4,0.31
Mississippi St. (SEC),13,6,7,70,844,5201,6.16,46,400.1,73,824,5189,6.3,47,49,399.2,66,108,136,20,264,66,108,136,20,264,112,7,18,0.389,71,9,17,0.529,45,41,19,807,1,19.68,45,41,19,807,1,19.68,109,315,186,10,2333,7.41,12.54,19,179.5,97,224,368,3208,22,8.72,14.32,246.8,21,72,578,44.46,83,19,169,0,8.89,83,19,169,0,8.89,51,44,23,10,5,38,0.864,33,53,23,11,8,42,0.792,21,529,2868,5.42,27,220.6,59,456,1981,4.34,25,152.4,93,31,193,2.38,74,49,46,1,0,11,0,375,28.8,74,48,44,0,0,9,0,359,27.6,79,50,48,281,74,5.7,76,149,58,0.389,57,58,150,0.387,29,   411:31,   31:39,57,14,10,24,13,10,23,1,0.08
Missouri (SEC),12,6,6,93,852,4491,5.27,31,374.3,14,771,3744,4.86,27,28,312,1,76,91,28,195,1,76,91,28,195,64,7,13,0.538,9,5,14,0.357,92,6,59,132,0,22,92,6,59,132,0,22,73,376,226,8,2671,7.1,11.82,17,222.6,6,175,348,2151,15,6.18,12.29,179.3,116,83,808,67.33,97,23,226,0,9.83,97,23,226,0,9.83,117,46,12,12,10,34,0.739,42,31,8,8,9,25,0.806,74,476,1820,3.82,14,151.7,31,423,1593,3.77,12,132.8,81,27,170,2.25,16,28,24,1,0,13,0,233,19.4,93,37,34,0,0,16,0,304,25.3,98,55,14,226,62,5.2,98,181,66,0.365,21,60,181,0.331,72,   358:49,   29:54,53,7,8,15,6,8,14,1,0.08
Navy (AAC),13,11,2,19,877,5925,6.76,62,455.8,16,777,4084,5.26,32,36,314.2,3,84,102,12,198,3,84,102,12,198,4,26,34,0.765,77,14,26,0.538,93,43,17,948,2,22.05,93,43,17,948,2,22.05,128,104,55,4,1238,11.9,22.51,10,95.2,38,194,343,2708,19,7.9,13.96,208.3,4,54,459,35.31,80,12,104,1,8.67,80,12,104,1,8.67,3,49,36,3,8,47,0.959,30,38,12,10,8,30,0.789,1,773,4687,6.06,52,360.5,10,434,1376,3.17,13,105.8,14,17,95,1.31,34,36,35,0,0,13,0,290,22.3,12,64,61,1,0,12,0,483,37.2,53,56,48,306,80,6.2,18,171,79,0.462,20,56,171,0.327,8,   435:26,   33:29,27,10,12,22,12,4,16,6,0.46
NC State (ACC),12,4,8,88,881,4563,5.18,28,380.3,72,857,4787,5.59,45,46,398.9,49,87,142,28,257,49,87,142,28,257,80,14,29,0.483,126,9,12,0.75,79,24,29,511,0,21.29,79,24,29,511,0,21.29,67,463,244,10,2749,5.94,11.27,14,229.1,103,265,412,3066,24,7.44,11.57,255.5,64,71,627,52.25,55,23,157,0,6.83,55,23,157,0,6.83,67,48,12,11,17,40,0.833,103,48,15,16,11,42,0.875,75,418,1814,4.34,14,151.2,50,445,1721,3.87,21,143.4,25,18,118,1.5,82,46,43,0,0,14,0,361,30.1,107,29,28,0,0,21,0,265,22.1,23,59,50,340,84,7,104,183,65,0.355,84,73,178,0.41,81,   352:00,   29:20,126,4,4,8,11,10,21,-13,-1.08
Nebraska (Big Ten),12,5,7,55,867,4990,5.76,39,415.8,64,832,4666,5.61,39,41,388.8,32,116,109,14,239,32,116,109,14,239,97,10,23,0.435,36,7,16,0.438,65,45,14,932,2,20.71,65,45,14,932,2,20.71,82,323,194,9,2551,7.9,13.15,12,212.6,30,215,364,2409,14,6.62,11.2,200.8,18,61,518,43.17,7,11,25,0,2.27,7,11,25,0,2.27,115,51,24,3,11,38,0.745,122,44,20,10,10,40,0.909,30,544,2439,4.48,27,203.3,94,468,2257,4.82,25,188.1,86,28,168,2.33,66,41,38,1,0,15,1,333,27.8,72,43,40,1,0,12,0,336,28,57,57,32,307,73,6.1,51,187,77,0.412,75,69,172,0.401,92,   346:53,   28:54,61,10,11,21,12,9,21,0,0
Nevada (Mountain West),13,7,6,101,946,4749,5.02,30,365.3,75,857,5201,6.07,49,52,400.1,51,110,136,12,258,51,110,136,12,258,43,14,24,0.583,101,15,25,0.6,67,22,36,459,1,20.86,67,22,36,459,1,20.86,51,500,310,13,3246,6.49,10.47,14,249.7,99,246,407,3261,31,8.01,13.26,250.8,89,96,772,59.38,61,31,222,1,7.16,61,31,222,1,7.16,92,47,14,7,16,37,0.787,78,46,14,16,9,39,0.848,122,446,1503,3.37,16,115.6,57,450,1940,4.31,18,149.2,103,33,220,2.54,100,52,51,0,0,16,2,415,31.9,111,31,28,0,0,21,0,277,21.3,114,50,26,268,63,4.8,94,205,76,0.371,33,60,171,0.351,27,   413:08,   31:46,96,8,11,19,11,13,24,-5,-0.38
New Mexico (Mountain West),12,2,10,69,832,4803,5.77,33,400.3,129,868,5828,6.71,56,59,485.7,77,101,143,25,269,77,101,143,25,269,115,6,16,0.375,116,14,21,0.667,104,19,31,439,0,23.11,104,19,31,439,0,23.11,101,331,163,15,2340,7.07,14.36,13,195,130,258,412,3857,34,9.36,14.95,321.4,96,81,729,60.75,63,18,131,0,7.28,63,18,131,0,7.28,109,38,16,7,6,29,0.763,63,54,21,17,7,45,0.833,27,501,2463,4.92,20,205.3,75,456,1971,4.32,22,164.3,25,18,109,1.5,125,59,55,1,1,11,0,446,37.2,106,34,25,1,0,12,0,267,22.3,98,50,24,276,62,5.2,97,169,62,0.367,97,76,180,0.422,71,   359:06,   29:55,128,7,4,11,11,15,26,-15,-1.25
New Mexico St. (FBS Independent),12,2,10,102,832,4333,5.21,31,361.1,126,875,5759,6.58,56,61,479.9,105,147,120,16,283,105,147,120,16,283,25,16,26,0.615,125,8,11,0.727,124,16,30,416,1,26,124,16,30,416,1,26,79,446,278,15,2611,5.85,9.39,15,217.6,55,220,362,2649,21,7.32,12.04,220.8,31,68,556,46.33,94,21,199,1,9.48,94,21,199,1,9.48,126,40,12,10,6,28,0.7,120,54,26,12,11,49,0.907,89,386,1722,4.46,16,143.5,129,513,3110,6.06,35,259.2,105,31,202,2.58,129,61,55,1,0,23,0,492,41,108,33,32,0,0,10,0,260,21.7,109,46,28,216,60,5,118,171,55,0.322,110,74,164,0.451,116,   326:39,   27:13,128,7,5,12,12,15,27,-15,-1.25
North Carolina (ACC),13,7,6,12,959,6162,6.43,52,474,49,893,4851,5.43,37,38,373.2,47,93,134,26,253,47,93,134,26,253,18,15,23,0.652,56,8,16,0.5,90,33,41,721,0,21.85,90,33,41,721,0,21.85,25,431,265,7,3716,8.62,14.02,39,285.8,71,253,421,2985,18,7.09,11.8,229.6,70,80,701,53.92,81,16,139,0,8.69,81,16,139,0,8.69,31,55,10,21,18,49,0.891,54,44,16,9,11,36,0.818,38,528,2446,4.63,13,188.2,51,472,1866,3.95,19,143.5,113,37,227,2.85,44,38,34,2,0,14,0,308,23.7,30,53,49,3,0,19,0,430,33.1,45,65,34,291,82,6.3,47,191,79,0.414,46,70,188,0.372,56,   394:15,   30:19,19,6,14,20,5,7,12,8,0.62
North Texas (C-USA),12,4,8,54,850,5023,5.91,44,418.6,81,860,4931,5.73,45,50,410.9,58,116,120,25,261,58,116,120,25,261,55,18,32,0.563,56,10,20,0.5,108,30,16,709,2,23.63,108,30,16,709,2,23.63,27,454,283,12,3400,7.49,12.01,33,283.3,57,230,374,2668,14,7.13,11.6,222.3,78,64,672,56,100,13,138,1,10.62,100,13,138,1,10.62,71,47,8,20,11,39,0.83,127,44,24,6,11,41,0.932,99,396,1623,4.1,11,135.3,95,486,2263,4.66,31,188.6,74,26,178,2.17,105,50,39,3,0,15,0,390,32.5,52,46,43,0,0,16,0,367,30.6,52,58,32,264,74,6.2,95,173,64,0.37,93,74,177,0.418,106,   337:41,   28:08,103,9,4,13,7,12,19,-6,-0.5
Northern Ill. (MAC),12,5,7,104,824,4304,5.22,29,358.7,63,763,4638,6.08,43,43,386.5,15,101,103,20,224,15,101,103,20,224,71,12,23,0.522,37,8,18,0.444,108,30,19,709,0,23.63,108,30,19,709,0,23.63,79,370,215,11,2611,7.06,12.14,14,217.6,39,195,332,2503,18,7.54,12.84,208.6,24,62,539,44.92,48,19,123,0,6.47,48,19,123,0,6.47,23,31,12,7,9,28,0.903,50,48,21,7,11,39,0.813,92,454,1693,3.73,15,141.1,83,431,2135,4.95,25,177.9,64,24,184,2,71,43,40,2,0,12,0,338,28.2,103,33,30,1,0,14,1,274,22.8,103,43,36,206,61,5.1,117,177,57,0.322,27,53,156,0.34,16,   393:04,   32:45,103,9,4,13,8,11,19,-6,-0.5
Northwestern (Big Ten),12,3,9,124,842,3565,4.23,23,297.1,25,796,4028,5.06,31,34,335.7,7,81,108,22,211,7,81,108,22,211,110,11,28,0.393,17,5,13,0.385,55,29,9,588,0,20.28,55,29,9,588,0,20.28,126,312,156,15,1404,4.5,9,6,117,23,220,360,2385,17,6.63,10.84,198.8,39,65,582,48.5,9,17,48,0,2.82,9,17,48,0,2.82,101,31,12,4,8,24,0.774,63,42,10,15,10,35,0.833,44,530,2161,4.08,17,180.1,36,436,1643,3.77,14,136.9,55,23,166,1.92,43,34,34,0,0,15,0,283,23.6,126,24,18,0,0,10,2,196,16.3,74,55,28,236,69,5.8,101,193,69,0.358,81,73,180,0.406,66,   360:36,   30:03,121,7,7,14,9,15,24,-10,-0.83
Notre Dame (FBS Independent),13,11,2,43,886,5608,6.33,57,431.4,18,894,4181,4.68,25,26,321.6,29,118,102,15,235,29,118,102,15,235,13,17,25,0.68,40,10,22,0.455,18,35,40,626,0,17.89,18,35,40,626,0,17.89,49,416,253,6,3278,7.88,12.96,37,252.2,3,203,374,2191,13,5.86,10.79,168.5,57,84,665,51.15,15,18,70,0,3.89,15,18,70,0,3.89,10,55,16,26,9,51,0.927,129,30,9,8,12,29,0.967,45,470,2330,4.96,20,179.2,60,520,1990,3.83,12,153.1,12,16,81,1.23,12,26,26,0,0,17,0,233,17.9,13,61,61,0,0,17,0,478,36.8,23,76,30,355,91,7,65,184,74,0.402,18,64,198,0.323,96,   372:59,   28:41,4,19,9,28,5,6,11,17,1.31
Ohio (MAC),13,7,6,29,861,5749,6.68,57,442.2,76,882,5248,5.95,42,43,403.7,79,123,127,20,270,79,123,127,20,270,58,5,9,0.556,97,11,19,0.579,2,36,24,580,0,16.11,2,36,24,580,0,16.11,77,335,203,6,2866,8.56,14.12,21,220.5,83,250,418,3086,21,7.38,12.34,237.4,37,70,627,48.23,39,15,92,1,6.13,39,15,92,1,6.13,24,59,30,11,12,53,0.898,57,45,17,9,11,37,0.822,20,526,2883,5.48,36,221.8,77,464,2162,4.66,21,166.3,32,21,150,1.62,60,43,36,0,0,17,0,345,26.5,20,57,54,1,0,16,0,446,34.3,108,40,52,270,66,5.1,6,168,83,0.494,71,70,177,0.395,28,   412:40,   31:44,90,10,5,15,13,6,19,-4,-0.31
Ohio St. (Big Ten),14,13,1,4,1069,7419,6.94,87,529.9,1,881,3636,4.13,23,23,259.7,11,99,89,29,217,11,99,89,29,217,25,8,13,0.615,7,7,20,0.35,19,43,33,770,0,17.91,19,43,33,770,0,17.91,36,406,271,3,3684,9.07,13.59,48,263.1,1,200,393,2184,9,5.56,10.92,156,73,81,770,55,10,12,36,0,3,10,12,36,0,3,30,75,30,29,8,67,0.893,2,29,10,2,7,19,0.655,5,663,3735,5.63,39,266.8,9,488,1452,2.98,14,103.7,99,35,224,2.5,4,23,19,3,0,9,1,192,13.7,3,88,87,0,0,13,1,656,46.9,2,105,38,494,124,8.9,1,183,101,0.552,4,60,206,0.291,25,   447:31,   31:57,17,10,15,25,13,3,16,9,0.64
Oklahoma (Big 12),14,12,2,3,946,7527,7.96,74,537.6,38,886,4990,5.63,47,48,356.4,98,98,138,42,278,98,98,138,42,278,14,8,12,0.667,26,10,24,0.417,33,38,59,730,0,19.21,33,38,59,730,0,19.21,18,381,262,9,4164,10.93,15.89,36,297.4,58,257,427,3113,27,7.29,12.11,222.4,129,101,1038,74.14,90,5,46,0,9.2,90,5,46,0,9.2,13,73,30,22,15,67,0.918,128,48,20,12,13,45,0.938,14,565,3363,5.95,38,240.2,32,459,1877,4.09,20,134.1,38,23,147,1.64,64,48,46,0,0,16,0,382,27.3,6,76,75,1,0,19,0,590,42.1,17,86,36,405,104,7.4,5,155,77,0.497,17,57,177,0.322,39,   434:30,   31:02,109,4,7,11,10,9,19,-8,-0.57
Oklahoma St. (Big 12),13,8,5,21,924,5901,6.39,50,453.9,82,926,5360,5.79,41,43,412.3,80,117,135,19,271,80,117,135,19,271,69,11,21,0.524,15,8,21,0.381,41,36,33,702,0,19.5,41,36,33,702,0,19.5,71,362,232,12,2916,8.06,12.57,23,224.3,102,270,447,3300,23,7.38,12.22,253.8,34,67,612,47.08,4,11,18,0,1.64,4,11,18,0,1.64,16,45,17,10,14,41,0.911,95,45,14,14,11,39,0.867,17,562,2985,5.31,27,229.6,67,479,2060,4.3,18,158.5,64,26,157,2,61,43,38,2,0,16,0,348,26.8,35,52,48,1,0,20,0,422,32.5,68,58,38,268,77,5.9,77,185,72,0.389,66,75,191,0.393,95,   374:59,   28:50,70,7,12,19,8,12,20,-1,-0.08
Old Dominion (C-USA),12,1,11,128,810,3285,4.06,21,273.8,46,787,4453,5.66,42,45,371.1,34,103,115,23,241,34,103,115,23,241,30,20,33,0.606,40,5,11,0.455,70,24,11,503,0,20.96,70,24,11,503,0,20.96,112,379,207,12,2117,5.59,10.23,5,176.4,61,206,324,2682,20,8.28,13.02,223.5,94,71,724,60.33,45,19,121,1,6.37,45,19,121,1,6.37,125,38,14,0,13,27,0.711,94,51,18,14,12,44,0.863,124,431,1168,2.71,16,97.3,55,463,1771,3.83,22,147.6,129,52,283,4.33,79,45,42,2,0,14,0,358,29.8,127,21,18,3,0,15,0,195,16.3,44,55,42,245,76,6.3,122,183,57,0.311,69,61,155,0.394,44,   368:46,   30:43,75,9,9,18,7,12,19,-1,-0.08
Ole Miss (SEC),12,4,8,26,891,5343,6,40,445.3,85,859,5001,5.82,36,39,416.8,73,104,146,17,267,73,104,146,17,267,65,17,32,0.531,101,12,20,0.6,24,30,16,546,0,18.2,24,30,16,546,0,18.2,102,332,186,6,2328,7.01,12.52,11,194,120,288,434,3339,20,7.69,11.59,278.3,40,59,585,48.75,110,21,245,1,11.67,110,21,245,1,11.67,50,38,16,6,11,33,0.868,97,38,11,10,12,33,0.868,9,559,3015,5.39,29,251.3,42,425,1662,3.91,16,138.5,41,21,127,1.75,59,39,34,0,0,16,1,318,26.5,82,41,36,2,0,11,0,319,26.6,57,58,30,291,73,6.1,96,182,67,0.368,73,69,173,0.399,104,   338:58,   28:14,53,6,10,16,9,6,15,1,0.08
Oregon (Pac-12),14,12,2,40,956,6063,6.34,61,433.1,22,973,4607,4.73,23,24,329.1,73,94,139,34,267,73,94,139,34,267,73,13,25,0.52,28,14,33,0.424,118,44,27,1075,1,24.43,118,44,27,1075,1,24.43,41,446,298,6,3615,8.11,12.13,35,258.2,53,297,506,3082,18,6.09,10.38,220.1,103,85,862,61.57,64,26,193,0,7.42,64,26,193,0,7.42,96,63,21,20,8,49,0.778,23,39,5,9,16,30,0.769,51,510,2448,4.8,26,174.9,13,467,1525,3.27,5,108.9,49,25,175,1.79,9,24,21,3,0,20,0,231,16.5,16,67,64,1,0,9,0,495,35.4,26,74,46,384,97,6.9,44,177,74,0.418,22,73,220,0.332,103,   395:35,   28:15,5,7,20,27,5,6,11,16,1.14
Oregon St. (Pac-12),12,5,7,58,830,4941,5.95,51,411.8,108,884,5348,6.05,49,52,445.7,114,114,149,28,291,114,114,149,28,291,61,13,24,0.542,128,21,27,0.778,125,34,25,901,1,26.5,125,34,25,901,1,26.5,43,420,260,4,3061,7.29,11.77,30,255.1,117,262,415,3314,28,7.99,12.65,276.2,86,78,701,58.42,98,23,235,1,10.22,98,23,235,1,10.22,11,39,16,17,3,36,0.923,27,51,17,14,9,40,0.784,70,410,1880,4.59,21,156.7,79,469,2034,4.34,21,169.5,69,25,177,2.08,105,52,45,0,0,11,0,390,32.5,48,52,48,1,0,4,0,374,31.2,20,70,32,356,86,7.2,42,163,69,0.423,107,76,171,0.444,100,   341:32,   28:27,9,8,8,16,2,4,6,10,0.83
Penn St. (Big Ten),13,11,2,57,885,5355,6.05,59,411.9,34,935,4504,4.82,23,23,346.5,37,87,140,19,246,37,87,140,19,246,28,11,18,0.611,94,15,26,0.577,7,14,66,239,0,17.07,7,14,66,239,0,17.07,76,369,217,9,2877,7.8,13.26,25,221.3,100,273,451,3269,10,7.25,11.97,251.5,26,57,589,45.31,5,20,34,0,1.7,5,20,34,0,1.7,21,52,27,10,10,47,0.904,54,33,13,3,11,27,0.818,36,516,2478,4.8,34,190.6,5,484,1235,2.55,13,95,98,32,179,2.46,8,23,22,0,0,16,0,208,16,15,61,56,2,0,13,0,465,35.8,11,77,48,479,101,7.8,41,172,73,0.424,37,73,203,0.36,108,   362:40,   27:53,19,12,10,22,5,9,14,8,0.62
Pittsburgh (ACC),13,8,5,87,954,4946,5.18,28,380.5,15,905,4068,4.5,31,33,312.9,30,88,107,41,236,30,88,107,41,236,85,8,17,0.471,83,10,18,0.556,44,24,37,472,0,19.67,44,24,37,472,0,19.67,39,513,316,10,3402,6.63,10.77,17,261.7,34,221,433,2658,19,6.14,12.03,204.5,119,102,888,68.31,99,27,279,1,10.33,99,27,279,1,10.33,90,38,9,9,12,30,0.789,39,46,11,10,16,37,0.804,119,441,1544,3.5,11,118.8,12,472,1410,2.99,12,108.5,77,29,212,2.23,36,33,29,1,0,21,0,292,22.5,114,30,29,0,0,22,0,275,21.2,9,73,60,467,103,7.9,69,211,84,0.398,23,68,204,0.333,45,   398:46,   30:40,112,5,9,14,12,10,22,-8,-0.62
Purdue (Big Ten),12,4,8,75,862,4718,5.47,38,393.2,100,869,5235,6.02,45,46,436.3,58,119,128,14,261,58,119,128,14,261,77,8,16,0.5,108,11,18,0.611,43,17,40,334,0,19.65,43,17,40,334,0,19.65,12,520,320,15,3719,7.15,11.62,29,309.9,94,236,382,2925,20,7.66,12.39,243.8,7,55,452,37.67,36,17,100,0,5.88,36,17,100,0,5.88,5,41,9,20,10,39,0.951,46,47,19,9,10,38,0.809,126,342,999,2.92,9,83.3,99,487,2310,4.74,25,192.5,86,28,212,2.33,86,46,42,1,0,15,1,367,30.6,87,39,35,1,0,13,0,310,25.8,61,60,24,272,72,6,56,179,73,0.408,82,71,175,0.406,114,   331:10,   27:35,113,6,9,15,8,15,23,-8,-0.67
Rice (C-USA),12,3,9,125,753,3530,4.69,27,294.2,58,764,4563,5.97,37,40,380.3,15,84,130,10,224,15,84,130,10,224,92,8,18,0.444,101,9,15,0.6,81,23,15,492,1,21.39,81,23,15,492,1,21.39,118,320,180,4,1992,6.23,11.07,13,166,91,224,348,2903,18,8.34,12.96,241.9,1,44,330,27.5,14,18,67,0,3.72,14,18,67,0,3.72,96,36,9,11,8,28,0.778,85,34,13,9,7,29,0.853,110,433,1538,3.55,14,128.2,41,416,1660,3.99,19,138.3,112,34,189,2.83,49,40,36,1,0,11,0,311,25.9,123,27,23,0,0,10,0,215,17.9,74,44,50,219,69,5.8,86,173,66,0.382,115,75,165,0.455,32,   377:38,   31:28,97,5,6,11,12,4,16,-5,-0.42
Rutgers (Big Ten),12,2,10,129,735,3277,4.46,18,273.1,98,837,5203,6.22,54,59,433.6,87,119,126,28,273,87,119,126,28,273,98,6,14,0.429,65,11,21,0.524,102,26,10,599,1,23.04,102,26,10,599,1,23.04,121,278,154,15,1672,6.01,10.86,7,139.3,76,209,343,2790,25,8.13,13.35,232.5,87,76,709,59.08,51,20,134,0,6.7,51,20,134,0,6.7,121,26,9,1,9,19,0.731,61,52,24,12,7,43,0.827,101,457,1605,3.51,11,133.8,107,494,2413,4.88,29,201.1,74,26,148,2.17,123,59,56,0,0,10,0,440,36.7,129,18,18,0,0,11,0,159,13.3,119,40,30,195,55,4.6,111,177,61,0.345,104,72,163,0.442,68,   360:27,   30:02,126,4,6,10,8,15,23,-13,-1.08
San Diego St. (Mountain West),13,10,3,110,933,4461,4.78,27,343.2,5,804,3741,4.65,18,19,287.8,3,67,114,17,198,3,67,114,17,198,51,13,23,0.565,30,9,21,0.429,5,12,51,202,0,16.83,5,12,51,202,0,16.83,92,397,253,6,2634,6.63,10.41,15,202.6,44,265,448,2761,10,6.16,10.42,212.4,53,78,655,50.38,68,24,183,0,7.63,68,24,183,0,7.63,102,44,11,8,15,34,0.773,16,32,7,8,9,24,0.75,94,536,1827,3.41,12,140.5,2,356,980,2.75,8,75.4,32,21,163,1.62,2,19,17,2,0,10,0,165,12.7,112,30,28,1,0,22,0,276,21.2,45,60,44,316,82,6.3,85,207,79,0.382,28,61,179,0.341,6,   440:04,   33:51,2,9,18,27,2,6,8,19,1.46
San Jose St. (Mountain West),12,5,7,50,805,5129,6.37,43,427.4,106,918,5325,5.8,46,49,443.8,102,154,108,18,280,102,154,108,18,280,95,7,16,0.438,110,16,26,0.615,64,34,17,704,1,20.71,64,34,17,704,1,20.71,4,498,305,8,4056,8.14,13.3,24,338,43,208,340,2540,16,7.47,12.21,211.7,54,74,608,50.67,113,11,134,1,12.18,113,11,134,1,12.18,62,56,19,13,15,47,0.839,56,50,27,6,8,41,0.82,125,307,1073,3.5,19,89.4,125,578,2785,4.82,30,232.1,9,14,107,1.17,99,49,46,0,0,13,2,383,31.9,57,43,37,3,0,20,0,361,30.1,103,52,18,209,61,5.1,55,159,65,0.409,124,84,178,0.472,124,   317:20,   26:26,9,7,16,23,5,8,13,10,0.83
SMU (AAC),13,10,3,9,1037,6368,6.14,70,489.8,107,1004,5785,5.76,50,53,445,122,105,167,30,302,122,105,167,30,302,6,22,30,0.733,47,15,32,0.469,21,63,14,1135,1,18.02,21,63,14,1135,1,18.02,13,503,313,11,4017,7.99,12.83,35,309,125,289,482,3752,34,7.78,12.98,288.6,80,83,743,57.15,21,14,67,0,4.79,21,14,67,0,4.79,107,72,25,19,11,55,0.764,86,48,12,15,14,41,0.854,43,534,2351,4.4,35,180.8,63,522,2033,3.89,16,156.4,14,17,108,1.31,109,53,50,2,0,20,1,434,33.4,7,73,58,6,0,12,0,544,41.8,3,89,44,465,111,8.5,30,212,93,0.439,49,79,210,0.376,94,   375:20,   28:52,40,12,9,21,6,11,17,4,0.31
South Alabama (Sun Belt),12,2,10,113,791,3963,5.01,29,330.3,79,850,4905,5.77,39,44,408.8,48,119,120,16,255,48,119,120,16,255,89,12,26,0.462,99,10,17,0.588,127,23,13,624,0,27.13,127,23,13,624,0,27.13,119,282,149,11,1906,6.76,12.79,14,158.8,48,210,326,2599,22,7.97,12.38,216.6,25,69,540,45,118,21,267,1,12.71,118,21,267,1,12.71,122,36,14,5,7,26,0.722,109,53,14,16,17,47,0.887,54,509,2057,4.04,15,171.4,98,524,2306,4.4,17,192.2,86,28,166,2.33,88,44,42,0,1,20,0,368,30.7,121,29,21,0,0,8,1,221,18.4,61,60,24,245,72,6,124,167,51,0.305,88,71,172,0.413,98,   342:36,   28:33,103,7,9,16,11,11,22,-6,-0.5
South Carolina (SEC),12,4,8,96,862,4463,5.18,30,371.9,66,854,4719,5.53,32,37,393.3,37,97,127,22,246,37,97,127,22,246,81,13,27,0.481,9,5,14,0.357,115,16,37,384,0,24,115,16,37,384,0,24,74,466,268,7,2667,5.72,9.95,12,222.3,80,239,404,2823,23,6.99,11.81,235.3,72,79,656,54.67,124,18,249,2,13.83,124,18,249,2,13.83,105,34,13,4,9,26,0.765,48,37,7,11,12,30,0.811,82,396,1796,4.54,18,149.7,66,450,1896,4.21,9,158,69,25,166,2.08,53,37,35,1,0,18,0,313,26.1,104,31,29,0,0,18,0,269,22.4,61,63,18,271,72,6,120,184,59,0.321,56,69,180,0.383,117,   324:17,   27:01,43,5,12,17,7,7,14,3,0.25
South Fla. (AAC),12,4,8,112,773,3970,5.14,33,330.8,71,887,4777,5.39,42,45,398.1,91,154,93,27,274,91,154,93,27,274,95,7,16,0.438,83,10,18,0.556,57,32,16,650,1,20.31,57,32,16,650,1,20.31,116,328,177,10,2035,6.2,11.5,18,169.6,15,203,325,2274,15,7,11.2,189.5,125,101,854,71.17,92,39,362,0,9.28,92,39,362,0,9.28,88,39,12,12,7,31,0.795,4,43,16,6,7,29,0.674,66,445,1935,4.35,15,161.3,114,562,2503,4.45,27,208.6,126,45,246,3.75,75,45,42,1,0,11,0,347,28.9,115,33,31,0,0,7,0,250,20.8,5,86,26,333,99,8.3,75,177,69,0.39,120,88,190,0.463,109,   334:07,   27:50,32,12,12,24,9,10,19,5,0.42
Southern California (Pac-12),13,8,5,20,908,5920,6.52,53,455.4,78,928,5313,5.73,43,47,408.7,119,124,141,32,297,119,124,141,32,297,33,6,10,0.6,69,10,19,0.526,130,37,27,1102,2,29.78,130,37,27,1102,2,29.78,6,514,365,15,4365,8.49,11.96,35,335.8,96,281,460,3200,24,6.96,11.39,246.2,117,90,877,67.46,33,10,57,0,5.7,33,10,57,0,5.7,66,55,14,20,12,46,0.836,90,49,15,15,12,42,0.857,118,394,1555,3.95,18,119.6,72,468,2113,4.51,19,162.5,71,28,192,2.15,78,47,44,1,0,18,0,382,29.4,35,54,54,0,0,14,1,422,32.5,51,64,34,315,81,6.2,21,169,77,0.456,83,72,177,0.407,93,   375:23,   28:52,119,7,9,16,11,15,26,-10,-0.77
Southern Miss. (C-USA),13,7,6,63,872,5291,6.07,37,407,37,803,4583,5.71,41,44,352.5,19,83,124,18,225,19,83,124,18,225,85,8,17,0.471,121,11,16,0.688,42,41,22,800,1,19.51,42,41,22,800,1,19.51,19,438,291,17,3764,8.59,12.93,20,289.5,82,217,366,3077,27,8.41,14.18,236.7,81,82,748,57.54,57,13,90,0,6.92,57,13,90,0,6.92,67,42,11,9,15,35,0.833,48,37,10,11,9,30,0.811,121,434,1527,3.52,17,117.5,18,437,1506,3.45,14,115.8,44,23,183,1.77,55,44,42,0,0,11,1,341,26.2,81,42,34,3,0,18,0,346,26.6,33,63,46,338,86,6.6,80,176,68,0.386,12,52,167,0.311,31,   409:35,   31:30,122,5,10,15,9,17,26,-11,-0.85
Stanford (Pac-12),12,4,8,97,790,4415,5.59,26,367.9,93,819,5163,6.3,44,45,430.3,91,102,153,19,274,91,102,153,19,274,126,4,13,0.308,111,10,16,0.625,72,25,26,525,0,21,72,25,26,525,0,21,37,444,276,8,3149,7.09,11.41,18,262.4,121,270,413,3354,27,8.12,12.42,279.5,40,75,585,48.75,70,11,88,0,8,70,11,88,0,8,37,34,7,9,14,30,0.882,86,48,13,19,9,41,0.854,123,346,1266,3.66,8,105.5,58,406,1809,4.46,17,150.8,94,29,142,2.42,79,45,43,0,0,15,0,358,29.8,108,29,27,1,0,19,0,260,21.7,70,61,20,286,71,5.9,72,166,65,0.392,112,71,157,0.452,19,   386:14,   32:11,75,4,8,12,5,8,13,-1,-0.08
Syracuse (ACC),12,5,7,71,909,4735,5.21,39,394.6,115,918,5569,6.07,47,47,464.1,105,119,137,27,283,105,119,137,27,283,110,11,28,0.393,11,7,19,0.368,116,19,43,460,0,24.21,116,19,43,460,0,24.21,60,408,250,7,2887,7.08,11.55,23,240.6,110,227,425,3150,21,7.41,13.88,262.5,128,107,887,73.92,5,10,17,0,1.7,5,10,17,0,1.7,110,46,11,13,11,35,0.761,47,42,17,11,6,34,0.81,71,501,1848,3.69,16,154,109,493,2419,4.91,26,201.6,128,50,297,4.17,88,47,42,1,0,14,0,368,30.7,69,41,39,0,0,18,0,339,28.3,48,55,40,287,75,6.3,88,205,78,0.38,101,82,192,0.427,84,   351:50,   29:19,13,12,13,25,9,7,16,9,0.75
TCU (Big 12),12,5,7,62,905,4892,5.41,38,407.7,27,769,4043,5.26,38,39,336.9,1,81,92,22,195,1,81,92,22,195,103,5,12,0.417,18,6,15,0.4,49,32,23,639,0,19.97,49,32,23,639,0,19.97,90,395,211,11,2444,6.19,11.58,15,203.7,27,199,360,2396,22,6.66,12.04,199.7,101,78,736,61.33,44,11,70,0,6.36,44,11,70,0,6.36,8,53,21,8,21,50,0.943,116,40,13,12,11,36,0.9,29,510,2448,4.8,23,204,39,409,1647,4.03,16,137.3,99,30,192,2.5,57,39,33,1,0,16,0,317,26.4,55,41,40,0,0,26,0,364,30.3,74,57,24,214,69,5.8,14,202,95,0.47,32,59,169,0.349,15,   395:04,   32:55,61,4,16,20,9,11,20,0,0
Temple (AAC),13,8,5,77,951,5096,5.36,42,392,54,996,4912,4.93,40,43,377.8,103,121,124,36,281,103,121,124,36,281,103,15,36,0.417,56,18,36,0.5,26,19,32,352,0,18.53,26,19,32,352,0,18.53,45,472,282,13,3312,7.02,11.74,26,254.8,50,242,455,2846,21,6.25,11.76,218.9,105,92,801,61.62,65,14,105,0,7.5,65,14,105,0,7.5,116,50,15,14,8,37,0.74,7,50,14,14,7,35,0.7,98,479,1784,3.72,16,137.2,68,541,2066,3.82,19,158.9,32,21,132,1.62,50,43,41,0,1,10,3,337,25.9,86,45,39,0,0,11,0,342,26.3,15,87,22,399,98,7.5,91,201,76,0.378,51,80,211,0.379,85,   380:22,   29:15,61,12,8,20,7,13,20,0,0
Tennessee (SEC),13,8,5,100,821,4752,5.79,32,365.5,23,868,4348,5.01,31,34,334.5,49,117,115,25,257,49,117,115,25,257,130,2,12,0.167,44,13,28,0.464,15,11,46,195,0,17.73,15,11,46,195,0,17.73,75,360,200,13,2878,7.99,14.39,19,221.4,16,216,375,2522,14,6.73,11.68,194,66,83,683,52.54,42,14,87,0,6.21,42,14,87,0,6.21,92,47,10,13,14,37,0.787,57,45,15,12,10,37,0.822,87,461,1874,4.07,13,144.2,48,493,1826,3.7,17,140.5,32,21,138,1.62,29,34,30,0,0,16,0,282,21.7,98,35,35,0,0,23,0,314,24.2,87,63,16,317,71,5.5,33,176,76,0.432,68,72,183,0.393,78,   381:44,   29:21,70,4,15,19,7,13,20,-1,-0.08
Texas (Big 12),13,8,5,14,950,6056,6.37,58,465.8,97,918,5609,6.11,41,42,431.5,115,100,164,28,292,115,100,164,28,292,118,7,19,0.368,18,8,20,0.4,98,21,51,472,1,22.48,98,21,51,472,1,22.48,20,470,306,10,3761,8,12.29,32,289.3,127,305,481,3803,28,7.91,12.47,292.5,120,95,890,68.46,12,9,30,0,3.33,12,9,30,0,3.33,12,50,22,17,7,46,0.92,104,51,12,17,16,45,0.882,48,480,2295,4.78,26,176.5,45,437,1806,4.13,13,138.9,111,36,199,2.77,65,42,38,2,0,21,0,357,27.5,17,59,56,2,1,14,0,458,35.2,41,72,22,282,83,6.4,7,184,90,0.489,63,72,184,0.391,42,   400:06,   30:46,33,7,12,19,4,10,14,5,0.38
Texas A&M (SEC),13,8,5,72,881,5128,5.82,46,394.5,29,842,4423,5.25,32,35,340.2,43,101,127,22,250,43,101,127,22,250,23,7,11,0.636,115,9,14,0.643,106,28,46,656,0,23.43,106,28,46,656,0,23.43,64,452,273,10,3060,6.77,11.21,22,235.4,41,232,425,2724,19,6.41,11.74,209.5,76,87,720,55.38,128,18,281,1,15.61,128,18,281,1,15.61,41,58,18,16,17,51,0.879,67,37,11,10,10,31,0.838,68,429,2068,4.82,24,159.1,30,417,1699,4.07,13,130.7,107,34,200,2.62,37,35,33,0,0,16,1,293,22.5,62,47,46,1,0,18,0,384,29.5,28,65,50,386,90,6.9,66,160,64,0.4,15,55,174,0.316,11,   430:26,   33:06,100,4,10,14,10,10,20,-6,-0.46
Texas St. (Sun Belt),12,3,9,121,768,3814,4.97,25,317.8,86,875,5005,5.72,49,51,417.1,55,134,104,21,259,55,134,104,21,259,126,4,13,0.308,101,9,15,0.6,78,31,14,658,0,21.23,78,31,14,658,0,21.23,58,441,278,20,2893,6.56,10.41,17,241.1,25,206,324,2391,24,7.38,11.61,199.3,60,66,617,51.42,52,19,129,0,6.79,52,19,129,0,6.79,113,29,7,6,9,22,0.759,30,57,21,16,8,45,0.789,127,327,921,2.82,8,76.8,120,551,2614,4.74,25,217.8,99,30,207,2.5,107,51,49,0,0,12,0,391,32.6,121,26,26,0,0,13,0,221,18.4,122,38,28,132,52,4.3,112,170,58,0.341,117,85,184,0.462,119,   320:56,   26:44,118,8,7,15,4,20,24,-9,-0.75
Texas Tech (Big 12),12,4,8,11,935,5691,6.09,44,474.3,127,874,5764,6.59,45,46,480.3,68,98,147,20,265,68,98,147,20,265,83,12,25,0.48,74,8,15,0.533,125,24,36,636,1,26.5,125,24,36,636,1,26.5,7,531,342,8,3896,7.34,11.39,24,324.7,128,247,403,3694,21,9.17,14.96,307.8,83,75,695,57.92,26,9,47,0,5.22,26,9,47,0,5.22,37,51,18,10,17,45,0.882,86,48,18,8,15,41,0.854,83,404,1795,4.44,20,149.6,80,471,2070,4.39,24,172.5,25,18,103,1.5,84,46,37,3,0,15,0,364,30.3,53,44,40,1,0,20,0,366,30.5,31,65,30,275,80,6.7,84,178,68,0.382,91,75,180,0.417,105,   338:43,   28:13,38,5,14,19,7,8,15,4,0.33
Toledo (MAC),12,6,6,36,856,5209,6.09,42,434.1,123,862,5708,6.62,50,50,475.7,95,119,135,23,277,95,119,135,23,277,45,18,31,0.581,33,10,23,0.435,91,23,31,505,0,21.96,91,23,31,505,0,21.96,85,339,193,7,2515,7.42,13.03,15,209.6,106,237,379,3087,19,8.15,13.03,257.3,54,67,608,50.67,73,17,139,0,8.18,73,17,139,0,8.18,104,48,20,11,6,37,0.771,78,46,23,6,10,39,0.848,18,517,2694,5.21,27,224.5,121,483,2621,5.43,31,218.4,94,29,173,2.42,102,50,46,2,0,12,0,386,32.2,75,42,38,2,0,11,0,327,27.3,74,50,38,236,69,5.8,90,171,65,0.38,95,71,169,0.42,65,   360:42,   30:03,113,4,7,11,12,7,19,-8,-0.67
Troy (Sun Belt),12,5,7,18,893,5475,6.13,49,456.3,99,840,5210,6.2,50,53,434.2,68,106,139,20,265,68,106,139,20,265,38,13,22,0.591,71,9,17,0.529,17,34,23,607,1,17.85,17,34,23,607,1,17.85,9,491,316,11,3758,7.65,11.89,30,313.2,118,262,394,3316,26,8.42,12.66,276.3,50,64,597,49.75,35,8,47,0,5.88,35,8,47,0,5.88,31,55,16,19,14,49,0.891,78,46,17,10,12,39,0.848,90,402,1717,4.27,19,143.1,65,446,1894,4.25,24,157.8,81,27,155,2.25,116,53,49,2,0,14,2,417,34.8,25,52,48,1,0,14,1,406,33.8,48,63,24,317,75,6.3,15,177,83,0.469,118,81,175,0.463,97,   343:05,   28:35,83,5,11,16,7,11,18,-2,-0.17
Tulane (AAC),13,7,6,22,948,5841,6.16,52,449.3,51,892,4901,5.49,41,43,377,43,109,120,21,250,43,109,120,21,250,41,20,34,0.588,77,14,26,0.538,58,25,38,508,0,20.32,58,25,38,508,0,20.32,89,336,197,10,2679,7.97,13.6,19,206.1,54,228,422,2869,23,6.8,12.58,220.7,118,103,883,67.92,113,11,134,0,12.18,113,11,134,0,12.18,27,49,26,9,9,44,0.898,53,49,13,12,15,40,0.816,11,612,3162,5.17,33,243.2,62,470,2032,4.32,18,156.3,71,28,186,2.15,56,43,36,0,0,16,0,342,26.3,30,56,55,0,0,13,0,430,33.1,85,62,20,259,72,5.5,78,180,70,0.389,61,76,195,0.39,47,   397:52,   30:36,78,4,12,16,8,10,18,-2,-0.15
Tulsa (AAC),12,4,8,53,947,5036,5.32,38,419.7,70,835,4737,5.67,43,48,394.8,26,103,99,31,233,26,103,99,31,233,51,13,23,0.565,117,21,31,0.677,54,49,9,985,1,20.1,54,49,9,985,1,20.1,30,444,254,9,3376,7.6,13.29,20,281.3,42,191,339,2516,14,7.42,13.17,209.7,130,109,949,79.08,86,23,208,0,9.04,86,23,208,0,9.04,80,49,16,10,14,40,0.816,22,43,19,4,10,33,0.767,95,503,1660,3.3,18,138.3,90,496,2221,4.48,29,185.1,123,39,242,3.25,92,48,44,0,0,14,1,376,31.3,84,39,38,0,0,15,0,317,26.4,103,46,30,201,61,5.1,37,205,88,0.429,28,61,179,0.341,46,   367:51,   30:39,75,13,5,18,10,9,19,-1,-0.08
UAB (C-USA),14,9,5,105,896,4926,5.5,36,351.9,8,897,4226,4.71,35,38,301.9,33,88,101,51,240,33,88,101,51,240,106,8,20,0.4,25,12,29,0.414,107,16,52,376,0,23.5,107,16,52,376,0,23.5,94,338,192,20,2815,8.33,14.66,20,201.1,8,217,420,2571,22,6.12,11.85,183.6,124,101,992,70.86,34,19,109,1,5.74,34,19,109,1,5.74,78,44,15,6,15,36,0.818,60,46,10,19,9,38,0.826,76,558,2111,3.78,16,150.8,20,477,1655,3.47,13,118.2,49,25,163,1.79,28,38,33,1,0,13,0,302,21.6,102,38,37,0,0,19,1,324,23.1,14,83,46,400,106,7.6,121,182,57,0.313,3,53,187,0.283,30,   442:37,   31:36,109,13,7,20,8,20,28,-8,-0.57
UCF (AAC),13,10,3,2,1016,7026,6.92,70,540.5,32,985,4499,4.57,31,36,346.1,63,111,120,31,262,63,111,120,31,262,47,19,33,0.576,114,16,25,0.64,99,33,52,743,1,22.52,99,33,52,743,1,22.52,8,457,271,8,4117,9.01,15.19,36,316.7,26,230,439,2593,17,5.91,11.27,199.5,126,111,952,73.23,122,10,137,1,13.7,122,10,137,1,13.7,90,57,20,13,12,45,0.789,65,43,12,12,12,36,0.837,19,559,2909,5.2,34,223.8,53,546,1906,3.49,14,146.6,53,24,140,1.85,41,36,31,2,0,16,0,299,23,5,74,71,1,0,15,1,564,43.4,1,89,56,436,117,9,61,200,81,0.405,5,63,215,0.293,123,   344:14,   26:28,27,8,13,21,7,8,15,6,0.46
UCLA (Pac-12),12,4,8,65,916,4868,5.31,40,405.7,113,816,5475,6.71,53,55,456.3,65,88,156,19,263,65,88,156,19,263,91,13,29,0.448,23,7,17,0.412,80,8,53,171,0,21.38,80,8,53,171,0,21.38,42,426,260,12,3066,7.2,11.79,22,255.5,129,269,405,3729,32,9.21,13.86,310.8,75,81,663,55.25,100,13,138,1,10.62,100,13,138,1,10.62,99,49,15,17,6,38,0.776,78,46,18,13,8,39,0.848,81,490,1802,3.68,18,150.2,52,411,1746,4.25,21,145.5,120,37,316,3.08,116,55,52,1,0,11,0,417,34.8,80,42,40,2,0,8,0,320,26.7,61,56,32,241,72,6,43,183,77,0.421,105,69,156,0.442,54,   364:22,   30:21,113,9,5,14,10,12,22,-8,-0.67
UConn (AAC),12,2,10,108,810,4136,5.11,27,344.7,116,800,5602,7,62,67,466.8,110,130,126,28,284,110,130,126,28,284,106,10,25,0.4,18,6,15,0.4,119,30,12,736,0,24.53,119,30,12,736,0,24.53,81,382,228,15,2592,6.79,11.37,14,216,93,219,343,2919,28,8.51,13.33,243.3,61,74,618,51.5,25,21,108,0,5.14,25,21,108,0,5.14,103,35,12,9,6,27,0.771,126,53,27,18,4,49,0.925,108,428,1544,3.61,13,128.7,123,457,2683,5.87,34,223.6,109,33,202,2.75,128,67,66,0,0,6,0,486,40.5,120,28,27,1,0,10,0,227,18.9,129,29,36,201,47,3.9,127,163,48,0.294,126,67,134,0.5,17,   391:27,   32:37,113,7,7,14,7,15,22,-8,-0.67
UNLV (Mountain West),12,4,8,92,831,4492,5.41,37,374.3,105,848,5308,6.26,44,49,442.3,58,106,137,18,261,58,106,137,18,261,76,17,33,0.515,30,9,21,0.429,75,33,12,695,1,21.06,75,33,12,695,1,21.06,88,388,208,12,2474,6.38,11.89,20,206.2,104,245,413,3074,16,7.44,12.55,256.2,23,65,536,44.67,106,43,482,1,11.21,106,43,482,1,11.21,42,33,12,11,6,29,0.879,43,52,26,5,11,42,0.808,58,443,2018,4.56,17,168.2,92,435,2234,5.14,28,186.2,94,29,169,2.42,108,49,44,1,0,18,1,396,33,97,37,35,0,0,11,0,290,24.2,109,49,22,200,60,5,128,168,48,0.286,60,67,172,0.39,69,   360:14,   30:01,93,5,9,14,6,12,18,-4,-0.33
Utah (Pac-12),14,11,3,48,912,6006,6.59,54,429,2,813,3769,4.64,25,25,269.2,6,71,116,21,208,6,71,116,21,208,94,11,25,0.44,82,12,22,0.545,31,33,41,630,0,19.09,31,33,41,630,0,19.09,69,321,233,4,3187,9.93,13.68,20,227.6,13,247,436,2624,16,6.02,10.62,187.4,103,103,862,61.57,115,11,135,0,12.27,115,11,135,0,12.27,57,55,29,8,10,47,0.855,15,31,6,8,9,23,0.742,32,591,2819,4.77,34,201.4,3,377,1145,3.04,9,81.8,54,26,154,1.86,6,25,23,1,0,11,1,210,15,38,60,57,1,0,11,0,452,32.3,72,64,34,369,81,5.8,17,175,81,0.463,9,53,176,0.301,3,   480:36,   34:19,17,8,14,22,9,4,13,9,0.64
Utah St. (Mountain West),13,7,6,44,965,5607,5.81,40,431.3,103,1016,5727,5.64,49,53,440.5,123,148,138,18,304,123,148,138,18,304,122,3,9,0.333,5,6,18,0.333,101,30,38,679,0,22.63,101,30,38,679,0,22.63,31,504,315,18,3628,7.2,11.52,22,279.1,86,241,405,3102,20,7.66,12.87,238.6,35,74,615,47.31,103,19,207,1,10.89,103,19,207,1,10.89,119,49,12,11,13,36,0.735,93,58,29,14,7,50,0.862,73,461,1979,4.29,18,152.2,110,611,2625,4.3,29,201.9,44,23,123,1.77,90,53,49,1,0,10,0,399,30.7,63,45,45,0,0,21,1,380,29.2,91,55,30,314,70,5.4,38,197,84,0.426,119,94,203,0.463,130,   324:53,   24:59,78,13,11,24,8,18,26,-2,-0.15
UTEP (C-USA),12,1,11,116,768,3950,5.14,27,329.2,95,765,5170,6.76,52,54,430.8,43,106,128,16,250,43,106,128,16,250,7,18,25,0.72,130,9,10,0.9,47,21,25,419,0,19.95,47,21,25,419,0,19.95,104,330,177,8,2292,6.95,12.95,9,191,70,218,334,2755,27,8.25,12.64,229.6,102,80,738,61.5,19,13,56,0,4.31,19,13,56,0,4.31,61,38,16,5,11,32,0.842,120,54,20,18,11,49,0.907,96,438,1658,3.79,18,138.2,108,431,2415,5.6,25,201.3,114,35,262,2.92,119,54,47,1,0,18,2,431,35.9,119,29,22,0,0,13,0,235,19.6,130,31,16,125,39,3.3,106,162,57,0.352,129,79,151,0.523,21,   385:26,   32:07,93,5,5,10,6,8,14,-4,-0.33
UTSA (C-USA),12,4,8,107,819,4139,5.05,28,344.9,92,790,5149,6.52,49,51,429.1,80,112,133,26,271,80,112,133,26,271,59,17,31,0.548,69,10,19,0.526,37,23,20,446,0,19.39,37,23,20,446,0,19.39,106,366,213,11,2189,5.98,10.28,13,182.4,73,215,339,2770,21,8.17,12.88,230.8,121,89,829,69.08,104,14,154,1,11,104,14,154,1,11,74,34,12,9,7,28,0.824,108,52,18,12,16,46,0.885,64,453,1950,4.3,15,162.5,105,451,2379,5.27,28,198.3,105,31,158,2.58,112,51,47,0,0,18,0,407,33.9,117,31,25,3,0,9,0,244,20.3,6,84,24,344,96,8,100,182,66,0.363,52,55,145,0.379,82,   351:59,   29:19,103,11,6,17,12,11,23,-6,-0.5
Vanderbilt (SEC),12,3,9,123,744,3592,4.83,21,299.3,101,798,5239,6.57,48,50,436.6,66,131,109,24,264,66,131,109,24,264,113,8,21,0.381,30,6,14,0.429,83,13,26,279,0,21.46,83,13,26,279,0,21.46,115,381,202,10,2064,5.42,10.22,10,172,66,200,325,2734,23,8.41,13.67,227.8,71,76,649,54.08,46,26,166,1,6.38,46,26,166,1,6.38,124,21,7,4,4,15,0.714,39,46,16,14,7,37,0.804,111,363,1528,4.21,11,127.3,115,473,2505,5.3,25,208.8,86,28,179,2.33,95,50,49,1,0,10,0,381,31.8,125,24,22,1,0,10,0,198,16.5,74,52,34,258,69,5.8,126,166,49,0.295,62,59,151,0.391,87,   350:01,   29:10,83,5,6,11,3,10,13,-2,-0.17
Virginia (ACC),14,9,5,81,962,5445,5.66,51,388.9,48,906,5206,5.75,46,48,371.9,71,117,125,24,266,71,117,125,24,266,55,9,16,0.563,63,13,25,0.52,121,20,58,498,0,24.9,121,20,58,498,0,24.9,33,520,337,15,3748,7.21,11.12,23,267.7,78,231,409,3272,23,8,14.16,233.7,19,66,612,43.71,119,10,129,0,12.9,119,10,129,0,12.9,48,69,25,18,17,60,0.87,70,44,17,10,10,37,0.841,117,442,1697,3.84,28,121.2,40,497,1934,3.89,23,138.1,116,41,238,2.93,62,48,47,0,0,15,0,380,27.1,40,56,51,1,0,20,0,449,32.1,22,76,46,440,99,7.1,22,203,92,0.453,38,67,186,0.36,12,   462:48,   33:03,85,6,12,18,6,15,21,-3,-0.21
Virginia Tech (ACC),13,8,5,86,883,5007,5.67,46,385.2,42,898,4723,5.26,39,41,363.3,27,92,117,25,234,27,92,117,25,234,11,9,13,0.692,92,17,30,0.567,25,19,49,346,0,18.21,25,19,49,346,0,18.21,86,318,185,8,2718,8.55,14.69,24,209.1,63,238,441,2912,21,6.6,12.24,224,33,69,606,46.62,77,18,155,0,8.61,77,18,155,0,8.61,7,55,18,19,15,52,0.945,14,42,10,13,8,31,0.738,49,565,2289,4.05,22,176.1,46,457,1811,3.96,18,139.3,77,29,202,2.23,46,41,35,2,0,12,0,321,24.7,49,49,48,1,0,19,0,401,30.8,41,58,50,394,83,6.4,81,179,69,0.385,41,76,205,0.371,41,   400:41,   30:49,90,5,14,19,15,8,23,-4,-0.31
Wake Forest (ACC),13,8,5,15,1055,6032,5.72,49,464,84,936,5414,5.78,42,47,416.5,85,109,149,14,272,85,109,149,14,272,105,7,17,0.412,111,15,24,0.625,122,41,16,1039,3,25.34,122,41,16,1039,3,25.34,24,469,282,13,3748,7.99,13.29,31,288.3,101,270,434,3286,26,7.57,12.17,252.8,5,57,460,35.38,129,20,313,0,15.65,129,20,313,0,15.65,44,57,16,15,19,50,0.877,71,51,15,15,13,43,0.843,50,586,2284,3.9,18,175.7,74,502,2128,4.24,16,163.7,44,23,155,1.77,76,47,43,1,0,17,0,378,29.1,42,49,48,0,0,24,0,414,31.8,30,65,44,293,87,6.7,13,229,108,0.472,16,61,192,0.318,58,   394:05,   30:18,19,11,14,25,4,13,17,8,0.62
Washington (Pac-12),13,8,5,79,872,5086,5.83,48,391.2,35,887,4532,5.11,28,30,348.6,55,106,130,23,259,55,106,130,23,259,8,23,32,0.719,107,14,23,0.609,48,29,44,579,0,19.97,48,29,44,579,0,19.97,57,411,263,8,3164,7.7,12.03,24,243.4,56,288,456,2889,13,6.34,10.03,222.2,48,79,639,49.15,22,9,44,0,4.89,22,9,44,0,4.89,19,54,19,14,16,49,0.907,32,43,14,7,13,34,0.791,84,461,1922,4.17,24,147.8,28,431,1643,3.81,15,126.4,40,22,153,1.69,15,30,27,0,0,15,0,252,19.4,41,51,49,1,0,19,1,416,32,87,55,32,320,71,5.5,102,171,61,0.357,45,67,180,0.372,64,   391:30,   30:06,19,9,13,22,6,8,14,8,0.62
Washington St. (Pac-12),13,6,7,7,920,6568,7.14,62,505.2,111,886,5882,6.64,50,53,452.5,119,131,139,27,297,119,131,139,27,297,38,13,22,0.591,89,13,23,0.565,38,26,54,506,1,19.46,38,26,54,506,1,19.46,1,710,505,16,5683,8,11.25,50,437.2,114,250,398,3471,23,8.72,13.88,267,98,85,794,61.08,125,8,116,1,14.5,125,8,116,1,14.5,52,71,10,35,16,61,0.859,86,48,22,11,8,41,0.854,129,210,885,4.21,12,68.1,91,488,2411,4.94,27,185.5,29,20,156,1.54,93,53,46,4,0,12,0,408,31.4,11,62,55,1,1,20,0,491,37.8,96,52,32,238,68,5.2,39,141,60,0.426,94,68,162,0.42,80,   381:23,   29:20,100,9,10,19,9,16,25,-6,-0.46
West Virginia (Big 12),12,5,7,119,788,3863,4.9,28,321.9,74,874,4792,5.48,40,43,399.3,80,122,130,19,271,80,122,130,19,271,68,10,19,0.526,101,12,20,0.6,9,22,21,380,0,17.27,9,22,21,380,0,17.27,54,454,289,15,2984,6.57,10.33,21,248.7,88,233,372,2879,20,7.74,12.36,239.9,46,71,587,48.92,43,16,100,2,6.25,43,16,100,2,6.25,118,34,5,11,9,25,0.735,114,47,18,12,12,42,0.894,128,334,879,2.63,7,73.3,69,502,1913,3.81,20,159.4,41,21,145,1.75,73,43,43,0,0,15,0,346,28.8,116,30,28,0,0,13,0,247,20.6,35,63,32,339,79,6.6,109,179,62,0.346,73,69,173,0.399,101,   340:23,   28:21,103,6,8,14,5,15,20,-6,-0.5
Western Ky. (C-USA),13,9,4,84,900,5041,5.6,38,387.8,24,835,4361,5.22,28,32,335.5,15,103,99,22,224,15,103,99,22,224,33,15,25,0.6,56,18,36,0.5,28,28,33,525,0,18.75,28,28,33,525,0,18.75,40,469,313,12,3371,7.19,10.77,20,259.3,28,193,362,2599,17,7.18,13.47,199.9,11,53,514,39.54,56,19,130,0,6.84,56,19,130,0,6.84,95,50,14,12,13,39,0.78,19,33,8,8,9,25,0.758,109,431,1670,3.87,18,128.5,34,473,1762,3.73,11,135.5,29,20,130,1.54,22,32,28,1,0,13,0,261,20.1,91,40,39,0,0,17,0,330,25.4,94,55,28,303,69,5.3,54,183,75,0.41,7,51,172,0.297,23,   416:03,   32:00,100,4,11,15,9,12,21,-6,-0.46
Western Mich. (MAC),13,7,6,25,916,5794,6.33,56,445.7,87,932,5456,5.85,39,40,419.7,116,117,153,23,293,116,117,153,23,293,48,16,28,0.571,15,8,21,0.381,61,42,15,857,1,20.4,61,42,15,857,1,20.4,59,413,246,8,3128,7.57,12.72,21,240.6,85,290,434,3095,21,7.13,10.67,238.1,85,82,759,58.38,75,18,154,0,8.56,75,18,154,0,8.56,85,55,22,12,10,44,0.8,52,54,16,13,15,44,0.815,28,503,2666,5.3,35,205.1,89,498,2361,4.74,18,181.6,18,18,122,1.38,50,40,35,1,0,20,0,337,25.9,30,58,52,0,0,10,0,430,33.1,36,63,44,332,85,6.5,23,190,86,0.453,90,76,183,0.415,55,   394:39,   30:21,19,9,13,22,6,8,14,8,0.62
Wisconsin (Big Ten),14,10,4,38,963,6065,6.3,56,433.2,4,839,4020,4.79,29,30,287.1,23,78,121,28,227,23,78,121,28,227,3,18,23,0.783,37,12,27,0.444,6,16,69,272,0,17,6,16,69,272,0,17,96,351,246,5,2802,7.98,11.39,18,200.1,12,214,415,2623,18,6.32,12.26,187.4,28,69,636,45.43,58,15,104,0,6.93,58,15,104,0,6.93,47,54,27,9,11,47,0.87,11,36,9,11,6,26,0.722,15,612,3263,5.33,38,233.1,6,424,1397,3.29,11,99.8,23,20,121,1.43,10,30,25,1,0,10,0,237,16.9,23,62,61,0,0,14,1,477,34.1,38,81,20,444,91,6.5,9,189,91,0.481,1,48,176,0.273,1,   498:48,   35:37,61,10,12,22,17,5,22,0,0
Wyoming (Mountain West),13,8,5,106,831,4562,5.49,38,350.9,43,941,4729,5.03,25,25,363.8,71,90,154,22,266,71,90,154,22,266,77,6,12,0.5,52,12,25,0.48,50,17,44,340,0,20,50,17,44,340,0,20,123,256,120,9,1770,6.91,14.75,11,136.2,105,266,464,3337,15,7.19,12.55,256.7,43,67,634,48.77,59,21,146,0,6.95,59,21,146,0,6.95,75,45,21,5,11,37,0.822,6,45,10,6,15,31,0.689,23,575,2792,4.86,27,214.8,11,477,1392,2.92,10,107.1,32,21,142,1.62,11,25,24,0,0,19,0,231,17.8,91,41,37,1,0,15,0,330,25.4,41,60,46,334,83,6.4,32,187,81,0.433,47,75,200,0.375,48,   397:45,   30:35,33,8,12,20,6,9,15,5,0.38