Team,Games,Win,Loss,Off.Rank,Off.Plays,Off.Yards,Off.Yards.Play,Off.TDs,Off.Yards.per.Game,Def.Rank,Def.Plays,Yards.Allowed,Yards.Play.Allowed,Off.TDs.Allowed,Total.TDs.Allowed,Yards.Per.Game.Allowed,First.Down.Rank,First.Down.Runs,First.Down.Passes,First.Down.Penalties,First.Downs,First.Down.Def.Rank,Opp.First.Down.Runs,Opp.First.Down.Passes,Opp.First.Down.Penalties,Opp.First.Downs,X4th.Down.Rank,X4th.Attempts,X4th.Conversions,X4th.Percent,X4rd.Down.Def.Rank,Opp.4th.Conversion,Opp.4th.Attempt,Opponent.4th.Percent,Kickoff.Return.Rank,Kickoffs.Returned,Kickoff.Return.Yards,Kickoff.Return.Touchdowns,Avg.Yard.per.Kickoff.Return,...40,Kickoff.Return.Def.Rank,Opp.Kickoff.Returns,Kickoff.Touchbacks,Opponent.Kickoff.Return.Yards,Opp.Kickoff.Return.Touchdowns.Allowed,Avg.Yards.per.Kickoff.Return.Allowed,Passing.Off.Rank,Pass.Attempts,Pass.Completions,Interceptions.Thrown.x,Pass.Yards,Pass.Yards.Attempt,Yards.Completion,Pass.Touchdowns,Pass.Yards.Per.Game,Pass.Def.Rank,Opp.Completions.Allowed,Opp.Pass.Attempts,Opp.Pass.Yds.Allowed,Opp.Pass.TDs.Allowed,Yards.Attempt.Allowed,Yards.Completion.Allowed,Pass.Yards.Per.Game.Allowed,Penalty.Rank,Penalties,Penalty.Yards,Penalty.Yards.Per.Game,Punt.Return.Rank,Punt.Returns,Net.Punt.Return.Yards,Punt.Return.Touchdowns,Avg.Yards.Per.Punt.Return,Punt.Return.Def.Rank,Opp.Punt.Returns,Opp.Net.Punt.Return.Yards,Opp.Punt.Return.Touchdowns.Allowed,Avg.Yards.Allowed.per.Punt.Return,Redzone.Off.Rank,Redzone.Attempts,Redzone.Rush.TD,Redzone.Pass.TD,Redzone.Field.Goals.Made,Redzone.Scores,Redzone.Points,Redzone.Def.Rank,Opp.Redzone.Attempts,Opp.Redzone.Rush.TD.Allowed,Opp.Redzone.Pass.Touchdowns.Allowed,Opp.Redzone.Field.Goals.Made,Opp.Redzone.Scores,Redzone.Points.Allowed,Rushing.Off.Rank,Rush.Attempts,Rush.Yds,Yards.Rush,Rushing.TD,Rushing.Yards.per.Game,Rushing.Def.Rank,Opp.Rush.Attempts,Opp.Rush.Yards.Alloweed,Yds.Rush.Allowed,Opp.Rush.Touchdowns.Allowed,Rush.Yards.Per.Game.Allowed,Sack.Rank,Sacks,Sack.Yards,Average.Sacks.per.Game,Scoring.Def.Rank,Touchdowns.Allowed,Opponent.Extra.Points,X2.Point.Conversions.Allowed,Opp.Deflected.Extra.Points,Opp.Feild.Goals.Made,Opp.Safety,Points.Allowed,Avg.Points.per.Game.Allowed,Scoring.Off.Rank,Touchdowns,PAT,X2.Point.Conversions,Defensive.Points,Feild.Goals,Safety,Total.Points,Points.Per.Game,Tackle.for.Loss.Rank,Solo.Tackle.For.Loss,Assist.Tackle.For.Loss,Tackle.for.Loss.Yards,Total.Tackle.For.Loss,Tackle.For.Loss.Per.Game,X3rd.Down.Rank,X3rd.Attempts,X3rd.Conversions,X3rd.Percent,X3rd.Down.Def.Rank,Opp.3rd.Conversion,Opp.3rd.Attempt,Opponent.3rd.Percent,Time.of.Possession.Rank,Time.of.Possession,Average.Time.of.Possession.per.Game,Turnover.Rank,Fumbles.Recovered,Opponents.Intercepted,Turnovers.Gain,Fumbles.Lost,Interceptions.Thrown.y,Turnovers.Lost,Turnover.Margin,Avg.Turnover.Margin.per.Game
Air Force (MWC),12,5,7,52,882,4978,5.64,43,414.8,43,732,4331,5.92,40,42,360.9,8,76,121,12,209,8,76,121,12,209,30,24,40,0.6,32,8,18,0.444,11,32,29,550,0,17.19,11,32,29,550,0,17.19,124,168,93,5,1576,9.38,16.95,10,131.3,84,200,326,2928,23,8.98,14.64,244,21,54,521,43.42,126,11,168,1,15.27,126,11,168,1,15.27,7,46,28,6,8,42,0.913,69,30,13,6,6,25,0.833,3,714,3402,4.76,33,283.5,16,406,1403,3.46,17,116.9,2,7,49,0.58,56,42,37,1,0,6,0,309,25.8,55,47,41,3,0,10,2,363,30.3,72,50,38,267,69,5.8,49,169,70,0.414,93,64,153,0.418,4,   412:24,   34:22,77,7,7,14,10,5,15,-1,-0.08
Akron (MAC),12,4,8,126,764,3533,4.62,21,294.4,61,898,4657,5.19,37,41,388.1,60,127,111,18,256,60,127,111,18,256,128,5,17,0.294,51,12,24,0.5,110,18,29,420,0,23.33,110,18,29,420,0,23.33,95,374,187,14,2390,6.39,12.78,16,199.2,27,222,367,2293,13,6.25,10.33,191.1,89,80,733,61.08,39,23,140,1,6.09,39,23,140,1,6.09,2,21,3,9,8,20,0.952,44,53,22,8,13,43,0.811,125,390,1143,2.93,5,95.3,99,531,2364,4.45,24,197,106,34,217,2.83,67,41,39,0,1,13,0,326,27.2,124,26,23,0,0,16,0,227,18.9,38,62,38,345,81,6.8,128,169,49,0.29,44,70,189,0.37,104,   337:54,   28:09,103,11,10,21,12,14,26,-5,-0.42
Alabama (SEC),15,14,1,6,1009,7830,7.76,85,522,16,981,4793,4.89,33,35,319.5,53,93,131,29,253,53,93,131,29,253,97,7,15,0.467,36,11,24,0.458,53,41,44,825,0,20.12,53,41,44,825,0,20.12,6,438,301,8,4854,11.08,16.13,52,323.6,33,244,465,2974,22,6.4,12.19,198.3,64,87,796,53.07,5,9,24,0,2.67,5,9,24,0,2.67,77,79,31,23,11,65,0.823,6,41,9,15,6,30,0.732,42,571,2976,5.21,33,198.4,19,516,1819,3.53,11,121.3,8,15,121,1,12,35,34,0,0,9,0,271,18.1,3,92,83,0,0,15,2,684,45.6,26,83,48,395,107,7.1,3,165,86,0.521,24,76,222,0.342,52,   454:55,   30:19,34,7,14,21,7,8,15,6,0.4
Appalachian St. (Sun Belt),13,11,2,37,859,5603,6.52,58,431,6,845,3744,4.43,20,21,288,7,91,98,19,208,7,91,98,19,208,38,13,22,0.591,1,6,22,0.273,124,31,50,799,0,25.77,124,31,50,799,0,25.77,99,319,196,12,2478,7.77,12.64,27,190.6,5,209,370,2107,8,5.69,10.08,162.1,80,83,752,57.85,14,16,62,0,3.88,14,16,62,0,3.88,55,54,21,17,8,46,0.852,36,30,9,4,11,24,0.8,14,540,3125,5.79,31,240.4,21,475,1637,3.45,12,125.9,21,18,104,1.38,4,21,21,0,0,18,0,201,15.5,17,64,63,0,0,12,1,485,37.3,43,66,40,309,86,6.6,44,169,71,0.42,14,59,186,0.317,45,   397:29,   30:34,30,6,17,23,5,12,17,6,0.46
Arizona (Pac-12),12,5,7,24,881,5492,6.23,43,457.7,92,904,5184,5.73,51,52,432,102,102,146,36,284,102,102,146,36,284,74,9,18,0.5,98,17,28,0.607,72,11,60,231,0,21,72,11,60,231,0,21,38,389,216,10,3063,7.87,14.18,29,255.3,120,281,440,3234,27,7.35,11.51,269.5,127,95,908,75.67,52,13,96,0,7.38,52,13,96,0,7.38,62,45,10,13,15,38,0.844,21,48,17,13,7,37,0.771,32,492,2429,4.94,14,202.4,64,464,1950,4.2,24,162.5,33,20,137,1.67,98,52,48,2,0,9,0,391,32.6,42,46,39,0,0,19,2,376,31.3,55,66,20,275,76,6.3,27,181,79,0.436,87,76,185,0.411,100,   339:11,   28:15,90,8,7,15,9,10,19,-4,-0.33
Arizona St. (Pac-12),13,7,6,50,899,5417,6.03,46,416.7,73,921,5257,5.71,37,40,404.4,110,129,137,26,292,110,129,137,26,292,3,13,17,0.765,107,9,14,0.643,101,23,48,514,0,22.35,101,23,48,514,0,22.35,65,397,247,7,3025,7.62,12.25,20,232.7,71,246,408,3040,20,7.45,12.36,233.8,65,79,699,53.77,121,20,271,1,13.55,121,20,271,1,13.55,34,49,20,9,14,43,0.878,93,45,14,12,13,39,0.867,50,502,2392,4.76,26,184,74,513,2217,4.32,17,170.5,14,16,90,1.23,53,40,37,1,0,17,1,332,25.5,58,48,45,1,0,18,0,389,29.9,39,72,30,352,87,6.7,46,180,75,0.417,90,77,185,0.416,75,   383:44,   29:31,11,9,12,21,4,7,11,10,0.77
Arkansas (SEC),12,2,10,117,810,4028,4.97,28,335.7,79,827,4958,6,47,53,413.2,68,116,119,24,259,68,116,119,24,259,120,5,14,0.357,38,7,15,0.467,71,29,17,608,2,20.97,71,29,17,608,2,20.97,97,370,202,18,2307,6.24,11.42,17,192.3,87,220,347,2944,22,8.48,13.38,245.3,58,69,622,51.83,116,18,209,1,11.61,116,18,209,1,11.61,68,37,8,8,15,31,0.838,59,57,24,11,12,47,0.825,98,440,1721,3.91,11,143.4,70,480,2014,4.2,25,167.8,97,32,226,2.67,108,53,49,1,0,16,0,417,34.8,113,29,29,0,0,19,0,260,21.7,72,49,40,267,69,5.8,125,168,52,0.31,60,59,154,0.383,67,   358:18,   29:51,119,11,5,16,8,18,26,-10,-0.83
Arkansas St. (Sun Belt),13,8,5,17,980,6061,6.18,46,466.2,45,862,4804,5.57,44,45,369.5,21,119,88,25,232,21,119,88,25,232,64,16,30,0.533,51,11,22,0.5,6,49,12,803,0,16.39,6,49,12,803,0,16.39,21,472,303,10,3659,7.75,12.08,28,281.5,11,193,338,2311,23,6.84,11.97,177.8,105,99,865,66.54,1,8,-15,0,-1.88,1,8,-15,0,-1.88,111,50,16,14,9,39,0.78,27,37,12,11,6,29,0.784,49,508,2402,4.73,18,184.8,91,524,2493,4.76,21,191.8,43,24,152,1.85,54,45,39,0,0,8,0,333,25.6,54,50,42,3,0,14,2,394,30.3,13,66,68,370,100,7.7,57,200,80,0.4,35,67,187,0.358,59,   391:34,   30:07,41,8,12,20,6,10,16,4,0.31
Army West Point (FBS Independent),13,11,2,76,922,5103,5.53,54,392.5,8,688,3842,5.58,29,30,295.5,4,78,107,19,204,4,78,107,19,204,1,31,36,0.861,51,15,30,0.5,56,45,15,912,0,20.27,56,45,15,912,0,20.27,127,98,52,3,1041,10.62,20.02,7,80.1,21,193,328,2454,17,7.48,12.72,188.8,42,63,626,48.15,50,7,51,0,7.29,50,7,51,0,7.29,31,58,40,2,9,51,0.879,20,30,11,9,3,23,0.767,2,824,4062,4.93,47,312.5,10,360,1388,3.86,12,106.8,1,3,23,0.23,10,30,23,3,0,7,0,230,17.7,36,57,57,0,0,9,0,426,32.8,101,52,28,287,66,5.1,1,196,112,0.571,4,34,128,0.266,1,   501:12,   38:33,11,13,5,18,5,3,8,10,0.77
Auburn (SEC),13,8,5,78,894,5069,5.67,46,389.9,38,897,4620,5.15,25,26,355.4,45,95,122,30,247,45,95,122,30,247,74,11,22,0.5,14,8,21,0.381,39,16,56,311,0,19.44,39,16,56,311,0,19.44,74,382,233,5,2892,7.57,12.41,21,222.5,58,234,422,2853,16,6.76,12.19,219.5,75,83,737,56.69,9,11,37,0,3.36,9,11,37,0,3.36,89,53,22,10,11,43,0.811,64,35,5,7,17,29,0.829,68,512,2177,4.25,25,167.5,32,475,1767,3.72,9,135.9,39,23,168,1.77,14,26,25,0,0,22,1,249,19.2,47,51,49,0,0,15,1,402,30.9,20,74,44,374,96,7.4,90,179,66,0.369,30,68,196,0.347,99,   368:36,   28:21,16,8,14,22,8,5,13,9,0.69
Ball St. (MAC),12,4,8,63,924,4903,5.31,37,408.6,109,913,5403,5.92,49,51,450.3,112,146,125,25,296,112,146,125,25,296,30,15,25,0.6,51,10,20,0.5,51,33,10,662,0,20.06,51,33,10,662,0,20.06,42,476,288,12,3035,6.38,10.54,17,252.9,48,229,353,2525,13,7.15,11.03,210.4,107,82,801,66.75,93,18,181,1,10.06,93,18,181,1,10.06,70,42,15,13,7,35,0.833,96,55,32,8,8,48,0.873,83,448,1868,4.17,20,155.7,119,560,2878,5.14,36,239.8,67,27,185,2.25,96,51,48,1,0,11,0,389,32.4,100,37,35,0,0,11,0,290,24.2,88,54,22,230,65,5.4,36,190,81,0.426,101,71,166,0.428,106,   334:53,   27:54,90,6,12,18,10,12,22,-4,-0.33
Baylor (Big 12),13,7,6,22,988,5968,6.04,47,459.1,85,852,5532,6.49,50,51,425.5,79,116,127,24,267,79,116,127,24,267,38,13,22,0.591,75,8,15,0.533,87,27,39,580,0,21.48,87,27,39,580,0,21.48,19,486,296,13,3770,7.76,12.74,22,290,83,247,412,3147,25,7.64,12.74,242.1,111,100,895,68.85,73,11,96,0,8.73,73,11,96,0,8.73,124,55,20,12,9,41,0.745,122,36,13,8,12,33,0.917,65,502,2198,4.38,25,169.1,84,440,2385,5.42,25,183.5,111,39,241,3,91,51,47,1,0,19,0,412,31.7,62,49,43,1,0,15,0,384,29.5,92,55,28,304,69,5.3,29,184,80,0.435,107,78,177,0.441,18,   424:49,   32:40,117,3,7,10,6,13,19,-9,-0.69
Boise St. (MWC),13,10,3,21,979,5974,6.1,55,459.5,39,820,4627,5.64,33,35,355.9,21,91,123,18,232,21,91,123,18,232,26,14,23,0.609,99,14,23,0.609,50,28,52,561,0,20.04,50,28,52,561,0,20.04,18,460,310,8,3796,8.25,12.25,31,292,70,240,382,3029,17,7.93,12.62,233,65,75,699,53.77,124,10,150,2,15,124,10,150,2,15,69,49,19,12,10,41,0.837,49,38,11,10,10,31,0.816,66,519,2178,4.2,24,167.5,20,438,1598,3.65,16,122.9,85,32,183,2.46,30,35,32,0,0,15,0,287,22.1,20,61,58,0,0,12,0,460,35.4,56,63,38,388,82,6.3,2,202,106,0.525,11,51,164,0.311,10,   431:55,   33:13,10,17,7,24,5,8,13,11,0.85
Boston College (ACC),12,7,5,67,895,4852,5.42,48,404.3,70,935,4834,5.17,36,41,402.8,63,103,135,19,257,63,103,135,19,257,74,15,30,0.5,51,14,28,0.5,80,43,14,907,0,21.09,80,43,14,907,0,21.09,81,337,195,9,2583,7.66,13.25,25,215.3,96,251,442,2975,17,6.73,11.85,247.9,49,75,590,49.17,86,30,293,4,9.77,86,30,293,4,9.77,96,41,18,10,5,33,0.805,36,45,18,10,8,36,0.8,48,558,2269,4.07,23,189.1,53,493,1859,3.77,19,154.9,47,23,137,1.92,55,41,38,0,0,8,0,308,25.7,38,53,46,1,0,6,0,384,32,42,59,42,320,80,6.7,114,186,63,0.339,49,74,198,0.374,110,   333:55,   27:49,23,8,18,26,10,9,19,7,0.58
Bowling Green (MAC),12,3,9,105,822,4263,5.19,38,355.3,106,834,5377,6.45,63,66,448.1,93,175,78,26,279,93,175,78,26,279,74,9,18,0.5,125,18,25,0.72,23,35,11,652,0,18.63,23,35,11,652,0,18.63,59,405,250,13,2864,7.07,11.46,29,238.7,6,138,262,2011,21,7.68,14.57,167.6,103,93,788,65.67,3,23,30,0,1.3,3,23,30,0,1.3,98,35,5,18,5,28,0.8,92,52,33,9,3,45,0.865,117,417,1399,3.35,9,116.6,127,572,3366,5.88,42,280.5,82,29,222,2.42,124,66,62,1,0,6,1,480,40,98,39,34,3,0,6,0,292,24.3,128,33,12,143,39,3.3,66,177,69,0.39,111,71,158,0.449,80,   351:46,   29:18,114,8,6,14,9,13,22,-8,-0.67
Buffalo (MAC),14,10,4,55,1004,5803,5.78,64,414.5,37,949,4975,5.24,46,48,355.4,50,128,107,17,252,50,128,107,17,252,37,19,32,0.594,112,21,32,0.656,96,31,49,683,0,22.03,96,31,49,683,0,22.03,73,419,230,13,3155,7.53,13.72,28,225.4,31,217,404,2719,24,6.73,12.53,194.2,12,69,572,40.86,35,17,102,1,6,35,17,102,1,6,121,66,29,14,7,50,0.758,49,38,17,8,6,31,0.816,47,585,2648,4.53,36,189.1,62,545,2256,4.14,22,161.1,11,15,89,1.07,58,48,46,1,0,9,0,363,25.9,29,66,54,2,0,10,0,484,34.6,81,63,30,316,78,5.6,38,198,84,0.424,50,77,206,0.374,33,   441:41,   31:32,44,10,14,24,7,13,20,4,0.29
BYU (FBS Independent),13,7,6,100,856,4744,5.54,45,364.9,18,891,4213,4.73,35,37,324.1,24,98,120,19,237,24,98,120,19,237,101,9,20,0.45,93,14,24,0.583,13,37,21,640,0,17.3,13,37,21,640,0,17.3,85,373,236,7,2753,7.38,11.67,18,211.8,29,260,430,2522,13,5.87,9.7,194,46,74,633,48.69,15,15,60,0,4,15,15,60,0,4,60,52,24,12,8,44,0.846,77,44,20,11,6,37,0.841,89,483,1991,4.12,27,153.2,27,461,1691,3.67,22,130.1,66,29,204,2.23,24,37,33,1,0,7,0,278,21.4,78,46,43,1,0,11,0,354,27.2,121,52,10,214,57,4.4,89,168,62,0.369,48,71,190,0.374,48,   395:34,   30:25,63,9,9,18,10,7,17,1,0.08
California (Pac-12),13,7,6,114,910,4466,4.91,29,343.5,15,898,4123,4.59,26,32,317.2,18,106,103,18,227,18,106,103,18,227,19,17,27,0.63,78,12,22,0.545,97,23,33,510,0,22.17,97,23,33,510,0,22.17,101,423,254,20,2421,5.72,9.53,16,186.2,9,223,387,2276,13,5.88,10.21,175.1,52,74,651,50.08,76,23,206,0,8.96,76,23,206,0,8.96,129,39,9,10,9,28,0.718,117,33,12,7,11,30,0.909,80,487,2045,4.2,13,157.3,40,511,1847,3.61,13,142.1,105,36,174,2.77,22,32,29,1,0,14,0,265,20.4,115,35,32,0,0,12,1,280,21.5,65,64,26,347,77,5.9,106,192,68,0.354,29,69,199,0.347,53,   394:07,   30:19,84,7,21,28,11,20,31,-3,-0.23
Central Mich. (MAC),12,1,11,128,809,3056,3.78,18,254.7,36,860,4264,4.96,39,42,355.3,40,123,93,29,245,40,123,93,29,245,99,6,13,0.462,27,7,16,0.438,63,25,14,516,0,20.64,63,25,14,516,0,20.64,122,362,176,18,1614,4.46,9.17,10,134.5,4,174,306,1808,11,5.91,10.39,150.7,117,98,851,70.92,67,46,392,0,8.52,67,46,392,0,8.52,116,26,8,6,6,20,0.769,28,47,20,8,9,37,0.787,116,447,1442,3.23,8,120.2,104,554,2456,4.43,28,204.7,111,36,237,3,71,42,41,0,0,11,1,328,27.3,127,21,18,0,0,12,0,180,15,50,68,18,313,77,6.4,126,189,55,0.291,73,70,178,0.393,123,   320:47,   26:43,103,12,10,22,9,18,27,-5,-0.42
Charlotte (C-USA),12,5,7,115,830,4117,4.96,28,343.1,22,700,4048,5.78,37,42,337.3,2,64,116,17,197,2,64,116,17,197,127,6,19,0.316,3,5,17,0.294,94,20,31,440,1,22,94,20,31,440,1,22,106,304,182,8,2166,7.13,11.9,10,180.5,67,219,332,2780,20,8.37,12.69,231.7,39,64,565,47.08,122,22,319,2,14.5,122,22,319,2,14.5,92,42,15,9,10,34,0.81,41,41,14,10,9,33,0.805,73,526,1951,3.71,18,162.6,9,368,1268,3.45,17,105.7,120,38,276,3.17,60,42,38,1,0,9,0,319,26.6,113,30,27,1,0,17,0,260,21.7,93,47,32,219,63,5.3,43,178,75,0.421,47,53,142,0.373,2,   419:49,   34:59,57,7,9,16,7,8,15,1,0.08
Cincinnati (AAC),13,11,2,23,974,5960,6.12,60,458.5,11,840,3946,4.7,28,28,303.5,3,64,102,34,200,3,64,102,34,200,90,11,23,0.478,4,8,26,0.308,111,34,30,799,0,23.5,111,34,30,799,0,23.5,75,374,227,7,2847,7.61,12.54,22,219,26,197,405,2477,19,6.12,12.57,190.5,123,107,958,73.69,23,24,119,0,4.96,23,24,119,0,4.96,98,50,27,10,3,40,0.8,30,33,8,10,8,26,0.788,15,600,3113,5.19,38,239.5,13,435,1469,3.38,9,113,49,25,187,1.92,9,28,26,0,0,10,0,224,17.2,23,63,59,0,0,5,1,454,34.9,56,61,42,341,82,6.3,7,197,96,0.487,5,55,194,0.284,11,   431:16,   33:10,69,8,12,20,13,7,20,0,0
Clemson (ACC),15,15,0,3,1076,7908,7.35,86,527.2,5,1023,4288,4.19,21,23,285.9,23,97,116,22,235,23,97,116,22,235,44,11,19,0.579,9,10,28,0.357,61,32,81,657,1,20.53,61,32,81,657,1,20.53,23,508,328,8,4185,8.24,12.76,37,279,24,238,447,2844,13,6.36,11.95,189.6,28,73,674,44.93,48,17,121,1,7.12,48,17,121,1,7.12,30,75,34,23,9,66,0.88,4,36,8,7,11,26,0.722,10,568,3723,6.55,49,248.2,4,576,1444,2.51,8,96.3,12,17,115,1.13,1,23,20,0,0,13,0,197,13.1,4,90,88,0,0,12,0,664,44.3,2,113,46,617,136,9.1,20,202,93,0.46,6,68,239,0.285,95,   431:20,   28:45,29,12,12,24,9,8,17,7,0.47
Coastal Caro. (Sun Belt),12,5,7,87,780,4552,5.84,40,379.3,110,741,5410,7.3,52,53,450.8,68,136,107,16,259,68,136,107,16,259,10,11,16,0.688,42,8,17,0.471,117,43,12,1047,1,24.35,117,43,12,1047,1,24.35,105,265,164,7,2168,8.18,13.22,19,180.7,41,178,290,2477,20,8.54,13.92,206.4,13,52,493,41.08,74,11,97,0,8.82,74,11,97,0,8.82,19,38,15,8,11,34,0.895,81,46,22,10,7,39,0.848,41,515,2384,4.63,21,198.7,120,451,2933,6.5,32,244.4,119,37,233,3.08,100,53,51,0,0,9,1,398,33.2,83,41,35,0,0,13,0,320,26.7,99,48,26,259,61,5.1,42,147,62,0.422,114,61,134,0.455,15,   393:30,   32:47,107,8,4,12,11,7,18,-6,-0.5
Colorado (Pac-12),12,5,7,74,872,4711,5.4,40,392.6,52,871,4563,5.24,35,39,380.3,38,99,117,28,244,38,99,117,28,244,112,9,23,0.391,78,12,22,0.545,21,25,33,457,0,18.28,21,25,33,457,0,18.28,45,420,271,12,2995,7.13,11.05,19,249.6,74,229,404,2816,23,6.97,12.3,234.7,70,71,664,55.33,20,19,89,0,4.68,20,19,89,0,4.68,65,38,15,9,8,32,0.842,76,43,10,11,15,36,0.837,99,452,1716,3.8,21,143,44,467,1747,3.74,12,145.6,106,34,210,2.83,70,39,34,1,0,19,0,327,27.3,79,42,40,0,0,11,0,325,27.1,48,67,22,306,78,6.5,101,183,66,0.361,40,68,186,0.366,74,   355:30,   29:37,90,7,8,15,7,12,19,-4,-0.33
Colorado St. (MWC),12,3,9,59,893,4926,5.52,34,410.5,111,798,5423,6.8,50,56,451.9,78,133,115,17,265,78,133,115,17,265,68,9,17,0.529,51,7,14,0.5,93,20,21,435,1,21.75,93,20,21,435,1,21.75,13,501,303,16,3659,7.3,12.08,26,304.9,68,192,304,2789,30,9.17,14.53,232.4,104,94,789,65.75,129,31,561,3,18.1,129,31,561,3,18.1,79,39,8,18,6,32,0.821,85,47,14,13,13,40,0.851,123,392,1267,3.23,8,105.6,113,494,2634,5.33,20,219.5,87,30,199,2.5,117,56,51,2,0,16,1,441,36.8,107,35,29,1,0,11,0,274,22.8,99,47,28,232,61,5.1,34,189,81,0.429,72,57,145,0.393,36,   373:11,   31:05,119,5,7,12,6,16,22,-10,-0.83
Duke (ACC),13,8,5,65,956,5274,5.52,50,405.7,77,964,5314,5.51,44,48,408.8,84,134,124,14,272,84,134,124,14,272,107,12,28,0.429,28,11,25,0.44,44,43,18,845,0,19.65,44,43,18,845,0,19.65,52,476,278,10,3199,6.72,11.51,31,246.1,36,229,418,2593,17,6.2,11.32,199.5,3,54,452,34.77,71,26,226,1,8.69,71,26,226,1,8.69,56,47,15,16,9,40,0.851,66,41,19,10,5,34,0.829,77,480,2075,4.32,19,159.6,105,546,2721,4.98,27,209.3,73,30,184,2.31,72,48,41,2,0,7,1,356,27.4,63,51,49,0,0,9,0,382,29.4,67,54,44,240,76,5.8,37,205,87,0.424,77,78,195,0.4,109,   361:45,   27:49,109,9,4,13,10,10,20,-7,-0.54
East Carolina (AAC),12,3,9,56,995,4973,5,31,414.4,101,859,5278,6.14,53,58,439.8,35,96,130,17,243,35,96,130,17,243,60,13,24,0.542,87,9,16,0.563,88,13,44,280,0,21.54,88,13,44,280,0,21.54,20,568,285,15,3417,6.02,11.99,18,284.8,121,237,384,3241,31,8.44,13.68,270.1,31,58,547,45.58,105,23,246,1,10.7,105,23,246,1,10.7,46,37,10,10,12,32,0.865,129,43,18,15,8,41,0.953,112,427,1556,3.64,13,129.7,73,475,2037,4.29,22,169.8,59,25,198,2.08,120,58,56,1,0,14,0,448,37.3,108,31,28,1,0,19,0,273,22.8,3,80,50,383,105,8.8,100,221,80,0.362,66,72,185,0.389,51,   364:19,   30:21,126,6,5,11,10,15,25,-14,-1.17
Eastern Mich. (MAC),13,7,6,92,880,4837,5.5,44,372.1,35,922,4599,4.99,31,34,353.8,40,135,81,29,245,40,135,81,29,245,87,13,27,0.481,20,12,29,0.414,18,28,21,503,0,17.96,18,28,21,503,0,17.96,70,387,246,4,2947,7.61,11.98,21,226.7,3,189,342,1953,12,5.71,10.33,150.2,112,96,904,69.54,89,25,247,1,9.88,89,25,247,1,9.88,107,51,19,11,10,40,0.784,5,48,15,7,13,35,0.729,96,493,1890,3.83,23,145.4,102,580,2646,4.56,19,203.5,111,39,192,3,30,34,29,0,0,18,0,287,22.1,80,45,41,2,0,12,0,351,27,67,51,50,285,76,5.8,116,181,60,0.331,53,75,200,0.375,66,   388:32,   29:53,11,11,13,24,10,4,14,10,0.77
FIU (C-USA),13,9,4,46,859,5480,6.38,54,421.5,56,887,5022,5.66,39,42,386.3,110,147,116,29,292,110,147,116,29,292,15,15,23,0.652,111,15,23,0.652,36,22,54,426,0,19.36,36,22,54,426,0,19.36,53,383,251,8,3194,8.34,12.73,27,245.7,30,225,373,2523,19,6.76,11.21,194.1,37,65,609,46.85,113,15,171,1,11.4,113,15,171,1,11.4,85,49,18,14,8,40,0.816,23,53,18,13,10,41,0.774,56,476,2286,4.8,27,175.8,92,514,2499,4.86,20,192.2,3,8,54,0.62,46,42,39,2,0,11,0,328,25.2,27,58,54,3,0,14,0,450,34.6,94,60,16,228,68,5.2,16,173,81,0.468,80,66,164,0.402,42,   399:29,   30:43,16,5,17,22,5,8,13,9,0.69
Fla. Atlantic (C-USA),12,5,7,14,930,5746,6.18,49,478.8,88,863,5129,5.94,49,52,427.4,92,114,142,22,278,92,114,142,22,278,59,24,44,0.545,18,8,20,0.4,4,38,5,599,0,15.76,4,38,5,599,0,15.76,63,364,226,15,2844,7.81,12.58,14,237,79,241,379,2861,22,7.55,11.87,238.4,98,79,770,64.17,95,14,142,2,10.14,95,14,142,2,10.14,70,48,26,5,9,40,0.833,67,47,20,15,4,39,0.83,13,566,2902,5.13,35,241.8,89,484,2268,4.69,27,189,13,14,83,1.17,92,52,46,1,0,7,0,381,31.8,44,50,39,2,0,10,0,373,31.1,69,49,42,247,70,5.8,118,169,56,0.331,91,68,163,0.417,78,   352:42,   29:23,112,3,11,14,6,15,21,-7,-0.58
Florida (SEC),13,10,3,42,890,5547,6.23,51,426.7,28,872,4463,5.12,29,30,343.3,20,105,99,27,231,20,105,99,27,231,55,11,20,0.55,16,9,23,0.391,41,34,47,663,0,19.5,41,34,47,663,0,19.5,82,364,217,6,2776,7.63,12.79,28,213.5,13,206,380,2350,16,6.18,11.41,180.8,85,95,789,60.69,68,16,137,0,8.56,68,16,137,0,8.56,67,56,15,18,14,47,0.839,115,32,9,9,11,29,0.906,27,526,2771,5.27,23,213.2,65,492,2113,4.29,13,162.5,21,18,121,1.38,20,30,25,1,0,17,1,260,20,22,57,55,0,1,18,1,455,35,43,67,38,323,86,6.6,47,173,72,0.416,52,73,195,0.374,65,   389:08,   29:56,7,12,14,26,8,6,14,12,0.92
Florida St. (ACC),12,5,7,102,847,4334,5.12,31,361.2,80,954,4996,5.24,46,47,416.3,73,102,135,25,262,73,102,135,25,262,74,12,24,0.5,17,11,28,0.393,123,12,38,305,0,25.42,123,12,38,305,0,25.42,28,455,260,13,3241,7.12,12.47,20,270.1,119,246,451,3224,30,7.15,13.11,268.7,117,110,851,70.92,108,33,364,1,11.03,108,33,364,1,11.03,109,32,10,9,6,25,0.781,63,58,13,20,15,48,0.828,126,392,1093,2.79,11,91.1,48,503,1772,3.52,16,147.7,111,36,237,3,90,47,43,0,1,17,0,378,31.5,112,33,30,1,0,11,0,263,21.9,72,55,28,292,69,5.8,126,189,55,0.291,39,73,200,0.365,115,   331:35,   27:37,123,3,12,15,13,13,26,-11,-0.92
Fresno St. (MWC),14,12,2,47,941,5901,6.27,57,421.5,17,954,4503,4.72,23,23,321.6,48,106,124,19,249,48,106,124,19,249,5,7,10,0.7,66,14,27,0.519,54,52,21,1051,0,20.21,54,52,21,1051,0,20.21,29,440,301,6,3740,8.5,12.43,26,267.1,23,231,447,2652,15,5.93,11.48,189.4,24,72,613,43.79,10,12,42,0,3.5,10,12,42,0,3.5,19,57,26,15,10,51,0.895,1,26,7,5,5,17,0.654,86,501,2161,4.31,31,154.4,30,507,1851,3.65,8,132.2,6,12,68,0.86,3,23,19,1,0,13,0,198,14.1,26,64,57,1,0,14,0,485,34.6,102,50,40,236,70,5,25,184,82,0.446,22,73,215,0.34,41,   431:03,   30:47,9,7,19,26,8,6,14,12,0.86
Ga. Southern (Sun Belt),13,10,3,112,760,4488,5.91,45,345.2,41,851,4642,5.45,35,35,357.1,35,103,123,17,243,35,103,123,17,243,74,6,12,0.5,121,20,29,0.69,120,17,52,420,0,24.71,120,17,52,420,0,24.71,128,117,70,0,1027,8.78,14.67,10,79,54,239,386,2815,14,7.29,11.78,216.5,10,61,525,40.38,24,15,79,0,5.27,24,15,79,0,5.27,5,42,26,4,9,39,0.929,97,40,20,8,7,35,0.875,7,643,3461,5.38,35,266.2,37,465,1827,3.93,21,140.5,25,19,98,1.46,25,35,30,2,0,12,0,280,21.5,52,48,45,2,0,19,1,396,30.5,107,47,32,225,63,4.8,69,157,61,0.389,61,69,179,0.385,27,   417:54,   32:08,1,12,15,27,5,0,5,22,1.69
Georgia (SEC),14,11,3,18,923,6508,7.05,64,464.9,13,890,4400,4.94,31,32,314.3,28,99,121,20,240,28,99,121,20,240,21,8,13,0.615,47,13,27,0.481,128,10,84,313,1,31.3,128,10,84,313,1,31.3,72,356,241,6,3165,8.89,13.13,34,226.1,12,258,423,2524,13,5.97,9.78,180.3,45,77,680,48.57,119,5,64,0,12.8,119,5,64,0,12.8,12,60,20,20,14,54,0.9,106,37,18,3,12,33,0.892,16,567,3343,5.9,30,238.8,31,467,1876,4.02,18,134,24,20,122,1.43,15,32,28,2,0,15,0,269,19.2,14,68,65,0,0,19,0,530,37.9,114,49,32,252,65,4.6,10,162,77,0.475,23,65,191,0.34,35,   440:52,   31:29,50,9,8,17,8,6,14,3,0.21
Georgia St. (Sun Belt),12,2,10,89,815,4538,5.57,36,378.2,124,760,5874,7.73,56,58,489.5,50,113,124,15,252,50,113,124,15,252,27,17,28,0.607,129,14,18,0.778,41,22,22,429,0,19.5,41,22,22,429,0,19.5,91,352,207,6,2481,7.05,11.99,15,206.8,80,219,301,2862,26,9.51,13.07,238.5,7,48,469,39.08,69,23,197,0,8.57,69,23,197,0,8.57,46,37,14,11,7,32,0.865,69,48,15,12,13,40,0.833,62,463,2057,4.44,21,171.4,123,459,3012,6.56,30,251,59,25,156,2.08,121,58,52,1,0,15,1,449,37.4,103,38,28,2,0,9,0,287,23.9,127,31,24,146,43,3.6,54,161,65,0.404,125,74,150,0.493,44,   367:03,   30:35,114,4,6,10,12,6,18,-8,-0.67
Georgia Tech (ACC),13,7,6,61,871,5314,6.1,53,408.8,46,805,4805,5.97,46,50,369.6,73,125,125,12,262,73,125,125,12,262,68,18,34,0.529,97,9,15,0.6,126,48,20,1261,2,26.27,126,48,20,1261,2,26.27,126,126,56,4,1089,8.64,19.45,7,83.8,49,235,363,2747,24,7.57,11.69,211.3,4,49,472,36.31,35,10,60,0,6,35,10,60,0,6,101,58,39,1,6,46,0.793,85,47,19,12,9,40,0.851,1,745,4225,5.67,46,325,57,442,2058,4.66,22,158.3,14,16,90,1.23,79,50,49,1,0,10,0,381,29.3,33,58,53,2,0,10,1,437,33.6,125,41,26,214,54,4.2,26,164,72,0.439,128,74,146,0.507,7,   435:00,   33:27,20,13,12,25,13,4,17,8,0.62
Hawaii (MWC),14,8,6,48,963,5878,6.1,54,419.9,100,977,6156,6.3,63,65,439.7,114,138,142,17,297,114,138,142,17,297,44,22,38,0.579,107,18,28,0.643,112,46,14,1083,0,23.54,112,46,14,1083,0,23.54,9,545,320,12,4344,7.97,13.58,43,310.3,76,242,395,3291,28,8.33,13.6,235.1,62,83,737,52.64,18,23,104,0,4.52,18,23,104,0,4.52,65,57,10,26,12,48,0.842,89,62,24,18,11,53,0.855,121,418,1534,3.67,11,109.6,103,582,2865,4.92,35,204.6,124,46,266,3.29,109,65,60,0,0,13,1,491,35.1,49,55,46,5,0,15,0,431,30.8,102,57,26,290,70,5,117,178,59,0.331,100,86,203,0.424,81,   410:10,   29:17,113,7,5,12,9,12,21,-9,-0.64
Houston (AAC),13,8,5,7,1010,6663,6.6,74,512.5,126,1087,6454,5.94,61,62,496.5,128,152,161,22,335,128,152,161,22,335,74,14,28,0.5,51,10,20,0.5,64,59,29,1218,0,20.64,64,59,29,1218,0,20.64,16,474,284,9,3841,8.1,13.52,45,295.5,123,279,470,3582,19,7.62,12.84,275.5,61,87,683,52.54,64,19,159,0,8.37,64,19,159,0,8.37,35,57,20,25,5,50,0.877,123,63,35,12,11,58,0.921,24,536,2822,5.26,29,217.1,115,617,2872,4.65,42,220.9,73,30,198,2.31,118,62,57,1,0,16,2,483,37.2,5,78,75,2,0,8,0,571,43.9,39,68,38,306,87,6.7,21,194,89,0.459,120,104,224,0.464,128,   325:42,   25:03,35,10,14,24,10,9,19,5,0.38
Illinois (Big Ten),12,4,8,62,822,4904,5.97,35,408.7,127,866,6100,7.04,61,64,508.3,116,147,131,23,301,116,147,131,23,301,47,8,14,0.571,95,10,17,0.588,102,21,43,470,1,22.38,102,21,43,470,1,22.38,114,329,177,14,1988,6.04,11.23,10,165.7,113,236,372,3157,30,8.49,13.38,263.1,100,77,773,64.42,104,31,331,1,10.68,104,31,331,1,10.68,48,36,15,6,10,31,0.861,90,50,18,17,8,43,0.86,12,493,2916,5.91,25,243,121,494,2943,5.96,31,245.3,67,27,200,2.25,123,64,61,1,0,8,1,473,39.4,92,36,36,0,0,20,0,312,26,88,52,26,223,65,5.4,111,168,58,0.345,109,70,157,0.446,96,   342:52,   28:34,90,5,15,20,10,14,24,-4,-0.33
Indiana (Big Ten),12,5,7,51,909,4982,5.48,37,415.2,83,848,5085,6,44,45,423.8,84,115,129,28,272,84,115,129,28,272,86,14,29,0.483,128,14,19,0.737,118,32,23,782,0,24.44,118,32,23,782,0,24.44,35,481,316,13,3094,6.43,9.79,20,257.8,81,225,369,2887,27,7.82,12.83,240.6,86,71,729,60.75,13,15,57,0,3.8,13,15,57,0,3.8,83,44,13,12,11,36,0.818,110,49,12,17,15,44,0.898,79,428,1888,4.41,17,157.3,83,479,2198,4.59,17,183.2,67,27,159,2.25,81,45,40,1,1,15,0,359,29.9,87,39,32,3,0,15,0,317,26.4,72,62,14,251,69,5.8,39,184,78,0.424,95,68,162,0.42,93,   345:42,   28:48,33,13,13,26,8,13,21,5,0.42
Iowa (Big Ten),13,9,4,91,896,4875,5.44,46,375,7,837,3817,4.56,28,28,293.6,12,101,98,15,214,12,101,98,15,214,12,17,25,0.68,28,11,25,0.44,8,25,39,411,0,16.44,8,25,39,411,0,16.44,71,408,242,11,2946,7.22,12.17,27,226.6,17,230,402,2393,19,5.95,10.4,184.1,15,61,539,41.46,17,21,94,0,4.48,17,21,94,0,4.48,50,55,18,20,9,47,0.855,34,29,5,13,5,23,0.793,94,488,1929,3.95,19,148.4,12,435,1424,3.27,9,109.5,14,16,100,1.23,11,28,25,1,0,12,0,231,17.8,43,50,48,0,0,17,3,405,31.2,85,63,16,322,71,5.5,30,191,83,0.435,26,62,181,0.343,21,   423:02,   32:32,16,7,20,27,7,11,18,9,0.69
Iowa St. (Big 12),13,8,5,95,829,4823,5.82,40,371,33,898,4539,5.05,33,37,349.2,43,97,138,11,246,43,97,138,11,246,51,10,18,0.556,51,9,18,0.5,25,41,16,769,0,18.76,25,41,16,769,0,18.76,57,363,237,9,3132,8.63,13.22,20,240.9,72,276,440,3044,23,6.92,11.03,234.2,9,62,517,39.77,25,12,64,1,5.33,25,12,64,1,5.33,9,45,19,9,13,41,0.911,16,46,9,17,9,35,0.761,111,466,1691,3.63,20,130.1,14,458,1495,3.26,10,115,80,31,210,2.38,37,37,37,0,0,13,0,298,22.9,82,42,36,3,0,16,3,348,26.8,33,66,44,368,88,6.8,63,169,67,0.396,92,79,189,0.418,91,   375:40,   28:53,84,8,8,16,10,9,19,-3,-0.23
Kansas (Big 12),12,3,9,109,815,4210,5.17,32,350.8,81,829,5022,6.06,44,46,418.5,76,118,128,17,263,76,118,128,17,263,118,7,19,0.368,32,4,9,0.444,62,22,21,454,0,20.64,62,22,21,454,0,20.64,97,392,229,4,2307,5.89,10.07,18,192.3,92,234,361,2961,23,8.2,12.65,246.8,73,78,669,55.75,43,19,121,1,6.37,43,19,121,1,6.37,123,28,4,11,6,21,0.75,33,48,16,14,8,38,0.792,78,423,1903,4.5,14,158.6,75,468,2061,4.4,21,171.8,92,31,225,2.58,82,46,43,0,0,13,1,360,30,105,35,30,4,0,12,1,286,23.8,83,57,18,266,66,5.5,65,179,70,0.391,115,72,158,0.456,70,   357:28,   29:47,2,11,16,27,7,4,11,16,1.33
Kansas St. (Big 12),12,5,7,113,797,4136,5.19,31,344.7,71,814,4841,5.95,34,37,403.4,54,99,139,16,254,54,99,139,16,254,101,9,20,0.45,13,6,16,0.375,26,43,8,807,0,18.77,26,43,8,807,0,18.77,115,290,166,7,1945,6.71,11.72,11,162.1,91,255,424,2949,20,6.96,11.56,245.8,27,59,538,44.83,115,14,162,1,11.57,115,14,162,1,11.57,113,40,13,6,12,31,0.775,101,41,11,12,13,36,0.878,52,507,2191,4.32,20,182.6,55,390,1892,4.85,14,157.7,106,34,235,2.83,49,37,34,1,0,15,1,305,25.4,110,32,29,1,0,15,1,270,22.5,124,49,2,204,50,4.2,72,169,65,0.385,110,74,165,0.448,30,   382:04,   31:50,52,8,11,19,10,7,17,2,0.17
Kent St. (MAC),12,2,10,82,914,4603,5.04,34,383.6,117,895,5607,6.26,58,60,467.3,79,117,122,28,267,79,117,122,28,267,62,14,26,0.538,49,15,31,0.484,10,34,15,580,0,17.06,10,34,15,580,0,17.06,84,420,247,10,2543,6.05,10.3,14,211.9,93,208,352,2964,20,8.42,14.25,247,125,107,904,75.33,123,26,388,1,14.92,123,26,388,1,14.92,12,40,17,7,12,36,0.9,7,60,30,9,5,44,0.733,61,494,2060,4.17,20,171.7,114,543,2643,4.87,38,220.3,127,43,235,3.58,116,60,57,1,0,7,0,440,36.7,103,35,33,0,0,14,1,287,23.9,117,47,14,223,54,4.5,113,199,68,0.342,83,74,183,0.404,108,   334:16,   27:51,77,10,9,19,10,10,20,-1,-0.08
Kentucky (SEC),13,10,3,103,832,4691,5.64,41,360.8,23,838,4393,5.24,26,27,337.9,17,104,101,21,226,17,104,101,21,226,30,9,15,0.6,11,7,19,0.368,20,23,36,419,0,18.22,20,23,36,419,0,18.22,116,296,194,10,2099,7.09,10.82,14,161.5,18,216,376,2422,14,6.44,11.21,186.3,71,79,721,55.46,117,20,236,0,11.8,117,20,236,0,11.8,86,38,17,5,9,31,0.816,11,40,9,10,11,30,0.75,40,536,2592,4.84,27,199.4,51,462,1971,4.27,12,151.6,63,28,175,2.15,6,27,24,0,0,11,0,219,16.8,84,46,43,0,0,9,0,346,26.6,39,75,24,377,87,6.7,62,161,64,0.398,59,71,186,0.382,43,   398:37,   30:39,54,11,9,20,8,10,18,2,0.15
La.-Monroe (Sun Belt),12,6,6,52,801,4978,6.21,39,414.8,90,817,5157,6.31,44,49,429.8,81,116,130,23,269,81,116,130,23,269,49,9,16,0.563,93,7,12,0.583,15,28,27,495,0,17.68,15,28,27,495,0,17.68,50,387,239,12,2970,7.67,12.43,17,247.5,94,239,333,2965,25,8.9,12.41,247.1,48,64,588,49,111,17,192,2,11.29,111,17,192,2,11.29,128,49,20,7,9,36,0.735,112,41,15,13,9,37,0.902,69,414,2008,4.85,22,167.3,82,484,2192,4.53,19,182.7,42,22,143,1.83,92,49,46,1,0,13,0,381,31.8,85,42,38,1,0,9,0,319,26.6,15,66,52,349,92,7.7,52,154,63,0.409,102,69,160,0.431,113,   331:54,   27:39,124,6,5,11,11,12,23,-12,-1
Louisiana (Sun Belt),14,7,7,44,901,5940,6.59,58,424.3,97,966,6102,6.32,59,62,435.9,125,160,134,22,316,125,160,134,22,316,108,8,19,0.421,126,21,29,0.724,107,48,18,1106,1,23.04,107,48,18,1106,1,23.04,92,348,220,14,2878,8.27,13.08,27,205.6,55,216,348,3035,22,8.72,14.05,216.8,22,69,608,43.43,114,12,138,1,11.5,114,12,138,1,11.5,17,48,20,15,8,43,0.896,83,60,34,8,9,51,0.85,22,553,3062,5.54,31,218.7,112,618,3067,4.96,37,219.1,52,27,161,1.93,105,62,58,2,0,15,0,479,34.2,40,58,54,0,0,15,0,447,31.9,117,49,28,235,63,4.5,15,181,85,0.47,112,85,188,0.452,98,   399:32,   28:32,81,7,8,15,3,14,17,-2,-0.14
Louisiana Tech (C-USA),13,8,5,84,915,4967,5.43,38,382.1,27,880,4437,5.04,39,39,341.3,46,116,113,19,248,46,116,113,19,248,55,11,20,0.55,117,17,25,0.68,89,43,10,928,0,21.58,89,43,10,928,0,21.58,44,477,271,11,3246,6.81,11.98,16,249.7,28,220,389,2491,16,6.4,11.32,191.6,29,60,586,45.08,65,14,118,0,8.43,65,14,118,0,8.43,51,48,18,11,12,41,0.854,120,34,17,7,7,31,0.912,109,438,1721,3.93,22,132.4,50,491,1946,3.96,23,149.7,89,33,191,2.54,39,39,36,0,0,9,1,299,23,96,39,38,0,0,15,2,321,24.7,12,78,46,415,101,7.8,55,186,75,0.403,33,65,184,0.353,55,   393:20,   30:15,46,9,13,22,8,11,19,3,0.23
Louisville (ACC),12,2,10,108,797,4231,5.31,28,352.6,122,843,5802,6.88,65,71,483.5,94,152,109,19,280,94,152,109,19,280,119,8,22,0.364,113,10,15,0.667,69,33,11,685,1,20.76,69,33,11,685,1,20.76,88,394,210,15,2533,6.43,12.06,10,211.1,40,187,290,2475,25,8.53,13.24,206.3,120,101,861,71.75,90,26,259,1,9.96,90,26,259,1,9.96,94,36,16,6,7,29,0.806,102,59,31,13,8,52,0.881,101,403,1698,4.21,18,141.5,126,553,3327,6.02,40,277.3,127,43,244,3.58,127,71,70,0,0,11,0,529,44.1,121,30,27,0,0,10,0,237,19.8,126,33,26,145,46,3.8,104,166,59,0.355,129,84,162,0.519,73,   355:32,   29:37,124,7,6,13,10,15,25,-12,-1
LSU (SEC),13,10,3,68,950,5227,5.5,46,402.1,25,915,4403,4.81,33,35,338.7,54,107,116,31,254,54,107,116,31,254,4,9,12,0.75,70,12,23,0.522,72,6,71,126,0,21,72,6,71,126,0,21,66,387,224,5,2970,7.67,13.26,17,228.5,38,223,449,2601,18,5.79,11.66,200.1,88,83,794,61.08,22,13,64,0,4.92,22,13,64,0,4.92,27,60,25,6,22,53,0.883,83,40,13,10,11,34,0.85,59,563,2257,4.01,29,173.6,34,466,1802,3.87,15,138.6,102,35,190,2.69,26,35,26,4,0,13,0,283,21.8,37,48,42,2,0,29,0,421,32.4,51,67,32,398,83,6.4,57,205,82,0.4,34,70,198,0.354,31,   413:48,   31:49,7,8,17,25,8,5,13,12,0.92
Marshall (C-USA),13,9,4,72,908,5117,5.64,42,393.6,25,913,4403,4.82,31,33,338.7,31,79,130,33,242,31,79,130,33,242,16,11,17,0.647,28,11,25,0.44,77,38,30,800,0,21.05,77,38,30,800,0,21.05,67,433,240,13,2965,6.85,12.35,20,228.1,73,256,454,3048,17,6.71,11.91,234.5,84,85,787,60.54,61,19,155,0,8.16,61,19,155,0,8.16,112,59,19,12,15,46,0.78,67,47,13,11,15,39,0.83,71,475,2152,4.53,22,165.5,8,459,1355,2.95,14,104.2,27,20,128,1.54,27,33,30,1,0,18,0,284,21.8,73,46,44,0,0,15,1,367,28.2,27,79,26,407,92,7.1,56,189,76,0.402,13,63,199,0.317,71,   386:44,   29:44,69,12,12,24,11,13,24,0,0
Maryland (Big Ten),12,5,7,94,728,4457,6.12,38,371.4,63,843,4685,5.56,39,42,390.4,65,123,102,33,258,65,123,102,33,258,5,7,10,0.7,109,13,20,0.65,67,47,9,972,0,20.68,67,47,9,972,0,20.68,121,241,125,5,1695,7.03,13.56,12,141.3,42,184,339,2478,19,7.31,13.47,206.5,128,100,956,79.67,77,11,100,0,9.09,77,11,100,0,9.09,4,31,11,8,10,29,0.935,116,43,17,8,14,39,0.907,17,487,2762,5.67,26,230.2,85,504,2207,4.38,20,183.9,87,30,164,2.5,78,42,40,1,0,16,1,344,28.7,68,44,40,1,0,12,0,342,28.5,117,49,10,210,54,4.5,57,160,64,0.4,70,66,169,0.391,88,   348:23,   29:01,15,5,18,23,9,5,14,9,0.75
Massachusetts (FBS Independent),12,4,8,34,821,5251,6.4,49,437.6,123,846,5817,6.88,63,68,484.8,104,166,103,18,287,104,166,103,18,287,87,13,27,0.481,51,10,20,0.5,52,49,12,984,0,20.08,52,49,12,984,0,20.08,14,411,263,10,3577,8.7,13.6,27,298.1,47,179,280,2520,25,9,14.08,210,44,68,582,48.5,84,19,183,1,9.63,84,19,183,1,9.63,51,48,21,10,10,41,0.854,111,60,29,16,9,54,0.9,102,410,1674,4.08,22,139.5,125,566,3297,5.83,38,274.8,121,39,231,3.25,126,68,65,0,0,14,0,515,42.9,35,52,49,0,0,11,0,394,32.8,96,39,46,196,62,5.2,95,158,58,0.367,99,61,144,0.424,119,   328:52,   27:24,90,8,12,20,14,10,24,-4,-0.33
Memphis (AAC),14,8,6,4,1028,7324,7.12,76,523.1,89,1069,5994,5.61,56,59,428.1,124,128,155,28,311,124,128,155,28,311,16,11,17,0.647,85,19,34,0.559,16,34,57,608,0,17.88,16,34,57,608,0,17.88,56,413,256,10,3405,8.24,13.3,28,243.2,105,276,481,3589,24,7.46,13,256.4,83,101,833,59.5,79,15,141,0,9.4,79,15,141,0,9.4,23,63,27,19,10,56,0.889,69,54,27,13,5,45,0.833,4,615,3919,6.37,48,279.9,76,588,2405,4.09,32,171.8,37,24,145,1.71,94,59,51,1,0,12,2,447,31.9,7,80,76,0,0,15,0,601,42.9,19,88,32,382,104,7.4,14,191,90,0.471,74,88,222,0.396,83,   408:59,   29:12,44,12,9,21,7,10,17,4,0.29
"Miami, FL (ACC)",13,7,6,104,835,4664,5.59,44,358.8,4,843,3626,4.3,26,28,278.9,5,107,80,18,205,5,107,80,18,205,106,10,23,0.435,23,6,14,0.429,104,24,42,540,0,22.5,104,24,42,540,0,22.5,112,356,182,14,2175,6.11,11.95,19,167.3,1,169,317,1763,11,5.56,10.43,135.6,35,73,602,46.31,92,22,221,1,10.05,92,22,221,1,10.05,51,48,18,14,9,41,0.854,55,39,12,7,13,32,0.821,45,479,2489,5.2,25,191.5,42,526,1863,3.54,15,143.3,56,27,183,2.08,18,28,28,0,0,19,0,253,19.5,65,50,47,0,0,9,0,374,28.8,1,93,86,471,136,10.5,53,177,72,0.407,1,47,186,0.253,86,   377:49,   29:03,73,9,16,25,12,14,26,-1,-0.08
"Miami, OH (MAC)",12,6,6,93,818,4464,5.46,42,372,44,843,4418,5.24,40,42,368.2,46,110,113,25,248,46,110,113,25,248,27,17,28,0.607,113,12,18,0.667,38,16,42,310,0,19.38,38,16,42,310,0,19.38,83,376,226,5,2547,6.77,11.27,17,212.3,45,212,364,2502,21,6.87,11.8,208.5,81,78,696,58,112,16,181,1,11.31,112,16,181,1,11.31,1,43,20,14,8,42,0.977,46,43,17,16,2,35,0.814,76,442,1917,4.34,25,159.8,58,479,1916,4,19,159.7,33,20,90,1.67,51,42,37,0,0,5,1,306,25.5,74,44,41,0,0,10,1,337,28.1,61,56,34,255,73,6.1,80,179,67,0.374,75,69,173,0.399,50,   364:31,   30:22,27,8,8,16,5,5,10,6,0.5
Michigan (Big Ten),13,10,3,49,896,5453,6.09,50,419.5,2,781,3577,4.58,29,32,275.2,6,89,82,35,206,6,89,82,35,206,94,9,19,0.474,72,11,21,0.524,19,28,43,506,1,18.07,19,28,43,506,1,18.07,79,347,223,9,2804,8.08,12.57,24,215.7,2,164,331,1921,14,5.8,11.71,147.8,96,88,826,63.54,87,19,186,1,9.79,87,19,186,1,9.79,35,57,21,13,16,50,0.877,128,30,12,8,8,28,0.933,30,549,2649,4.83,26,203.8,23,450,1656,3.68,15,127.4,39,23,156,1.77,16,32,30,0,0,10,0,252,19.4,21,56,50,2,0,21,2,457,35.2,33,71,34,376,88,6.8,9,185,90,0.486,21,59,175,0.337,5,   445:56,   34:18,35,6,11,17,3,9,12,5,0.38
Michigan St. (Big Ten),13,7,6,116,962,4447,4.62,26,342.1,10,869,3941,4.54,22,24,303.2,10,55,139,19,213,10,55,139,19,213,123,7,21,0.333,8,6,17,0.353,17,29,24,520,0,17.93,17,29,24,520,0,17.93,77,497,255,14,2824,5.68,11.07,12,217.2,62,280,477,2928,14,6.14,10.46,225.2,68,78,711,54.69,26,28,151,0,5.39,26,28,151,0,5.39,73,41,10,10,14,34,0.829,36,30,7,5,12,24,0.8,114,465,1623,3.49,14,124.8,1,392,1013,2.58,8,77.9,53,26,192,2,8,24,22,2,0,17,1,223,17.2,125,27,25,1,0,18,0,243,18.7,46,52,66,318,85,6.5,115,206,69,0.335,8,58,192,0.302,14,   426:31,   32:48,63,9,14,23,8,14,22,1,0.08
Middle Tenn. (C-USA),14,8,6,73,992,5507,5.55,44,393.4,50,965,5290,5.48,44,47,377.9,89,127,122,27,276,89,127,122,27,276,67,17,32,0.531,12,10,27,0.37,31,46,13,887,0,19.28,31,46,13,887,0,19.28,33,487,336,11,3650,7.49,10.86,29,260.7,52,248,432,2985,27,6.91,12.04,213.2,55,75,707,50.5,118,12,148,1,12.33,118,12,148,1,12.33,44,52,12,16,17,45,0.865,28,47,11,18,8,37,0.787,107,505,1857,3.68,15,132.6,66,533,2305,4.32,17,164.6,111,42,256,3,62,47,41,3,0,15,0,374,26.7,76,49,40,2,0,18,0,392,28,54,69,40,372,89,6.4,76,201,76,0.378,113,93,205,0.454,47,   426:15,   30:26,39,8,16,24,8,11,19,5,0.36
Minnesota (Big Ten),13,7,6,86,870,4935,5.67,43,379.6,54,845,5015,5.93,41,42,385.8,24,101,120,16,237,24,101,120,16,237,74,10,20,0.5,103,15,24,0.625,75,32,32,673,0,21.03,75,32,32,673,0,21.03,89,346,190,14,2714,7.84,14.28,20,208.8,51,265,409,2761,21,6.75,10.42,212.4,5,51,508,39.08,2,9,10,0,1.11,2,9,10,0,1.11,88,59,22,15,11,48,0.814,97,32,11,8,9,28,0.875,64,524,2221,4.24,23,170.8,78,436,2254,5.17,20,173.4,56,27,162,2.08,59,42,35,5,0,16,0,345,26.5,64,46,43,2,0,17,1,376,28.9,85,58,26,245,71,5.5,61,166,66,0.398,43,65,176,0.369,26,   418:00,   32:09,88,10,11,21,11,14,25,-4,-0.31
Mississippi St. (SEC),13,8,5,70,837,5166,6.17,48,397.4,1,829,3420,4.13,15,15,263.1,9,90,98,24,212,9,90,98,24,212,122,6,17,0.353,6,8,23,0.348,103,36,29,806,0,22.39,103,36,29,806,0,22.39,111,323,165,10,2259,6.99,13.69,22,173.8,7,220,398,2184,8,5.49,9.93,168,79,83,748,57.54,53,7,52,0,7.43,53,7,52,0,7.43,29,42,19,10,8,37,0.881,8,34,5,5,15,25,0.735,20,514,2907,5.66,26,223.6,2,431,1236,2.87,7,95.1,49,25,178,1.92,2,15,15,0,0,22,0,171,13.2,67,48,47,0,0,12,0,371,28.5,8,63,80,461,103,7.9,48,171,71,0.415,3,47,177,0.266,38,   403:13,   31:01,26,7,13,20,3,10,13,7,0.54
Missouri (SEC),13,8,5,13,1004,6263,6.24,55,481.8,62,889,5050,5.68,35,39,388.5,38,84,137,23,244,38,84,137,23,244,64,8,15,0.533,2,7,25,0.28,81,29,57,612,0,21.1,81,29,57,612,0,21.1,22,451,281,8,3632,8.05,12.93,28,279.4,112,248,445,3406,24,7.65,13.73,262,91,90,800,61.54,94,13,131,2,10.08,94,13,131,2,10.08,39,62,24,14,16,54,0.871,104,45,10,15,15,40,0.889,33,553,2631,4.76,27,202.4,22,444,1644,3.7,11,126.5,8,13,98,1,50,39,35,0,0,20,1,331,25.5,18,58,51,1,0,25,0,476,36.6,80,60,26,274,73,5.6,18,207,96,0.464,25,63,184,0.342,40,   401:33,   30:53,63,6,10,16,7,8,15,1,0.08
Navy (AAC),13,3,10,110,861,4536,5.27,42,348.9,86,850,5543,6.52,57,60,426.4,83,123,138,9,270,83,123,138,9,270,24,22,36,0.611,126,21,29,0.724,85,34,9,728,1,21.41,85,34,9,728,1,21.41,129,129,54,5,947,7.34,17.54,5,72.8,75,245,360,3053,24,8.48,12.46,234.8,2,48,390,30,79,25,235,1,9.4,79,25,235,1,9.4,3,38,27,2,7,36,0.947,42,52,26,11,5,42,0.808,5,732,3589,4.9,37,276.1,90,490,2490,5.08,33,191.5,27,20,126,1.54,103,60,55,2,1,5,0,436,33.5,95,42,34,2,1,11,0,325,25,129,27,20,139,37,2.8,75,184,70,0.38,121,74,159,0.465,8,   433:48,   33:22,41,12,9,21,12,5,17,4,0.31
NC State (ACC),13,9,4,26,979,5929,6.06,52,456.1,66,859,5104,5.94,36,39,392.6,30,89,134,18,241,30,89,134,18,241,40,10,17,0.588,51,11,22,0.5,65,46,23,950,0,20.65,65,46,23,950,0,20.65,8,496,334,11,4071,8.21,12.19,25,313.2,108,267,454,3394,18,7.48,12.71,261.1,26,60,581,44.69,46,16,110,1,6.88,46,16,110,1,6.88,38,71,25,18,19,62,0.873,19,47,15,8,13,36,0.766,100,483,1858,3.85,27,142.9,29,405,1710,4.22,18,131.5,5,11,72,0.85,45,39,37,1,0,17,0,324,24.9,31,53,51,1,0,23,0,440,33.8,51,60,46,321,83,6.4,11,184,87,0.473,17,59,177,0.333,12,   430:30,   33:06,63,9,10,19,7,11,18,1,0.08
Nebraska (Big Ten),12,4,8,25,868,5474,6.31,44,456.2,94,895,5202,5.81,44,47,433.5,84,114,129,29,272,84,114,129,29,272,101,9,20,0.45,92,11,19,0.579,59,34,34,695,0,20.44,59,34,34,695,0,20.44,51,404,257,11,2966,7.34,11.54,19,247.2,78,238,425,2853,15,6.71,11.99,237.8,116,92,850,70.83,110,18,203,2,11.28,110,18,203,2,11.28,26,44,19,8,12,39,0.886,53,55,23,10,12,45,0.818,28,464,2508,5.41,25,209,96,470,2349,5,29,195.8,77,28,196,2.33,88,47,40,2,0,15,2,375,31.3,57,45,40,3,0,14,1,360,30,96,53,18,274,62,5.2,85,156,58,0.372,103,76,176,0.432,111,   332:45,   27:43,83,9,11,20,11,11,22,-2,-0.17
Nevada (MWC),13,8,5,38,929,5600,6.03,49,430.8,58,959,5038,5.25,42,46,387.5,60,94,138,24,256,60,94,138,24,256,64,16,30,0.533,50,16,33,0.485,100,29,47,647,1,22.31,100,29,47,647,1,22.31,24,493,295,17,3624,7.35,12.28,25,278.8,89,266,449,3192,28,7.11,12,245.5,76,77,738,56.77,19,22,102,1,4.64,19,22,102,1,4.64,56,47,18,8,14,40,0.851,3,48,10,17,6,33,0.688,92,436,1976,4.53,24,152,39,510,1846,3.62,14,142,18,17,111,1.31,63,46,41,1,0,9,2,350,26.9,45,52,43,1,0,15,1,404,31.1,8,85,36,375,103,7.9,122,185,60,0.324,10,61,200,0.305,82,   380:18,   29:15,106,11,11,22,11,17,28,-6,-0.46
New Mexico (MWC),12,3,9,119,793,3965,5,38,330.4,119,898,5676,6.32,53,56,473,100,134,128,21,283,100,134,128,21,283,123,4,12,0.333,87,9,16,0.563,1,18,38,268,0,14.89,1,18,38,268,0,14.89,108,288,153,17,2127,7.39,13.9,21,177.3,104,209,362,3072,23,8.49,14.7,256,40,57,574,47.83,54,29,218,0,7.52,54,29,218,0,7.52,75,40,17,11,5,33,0.825,107,57,22,16,13,51,0.895,88,505,1838,3.64,17,153.2,110,536,2604,4.86,30,217,67,27,163,2.25,113,56,54,1,0,14,0,434,36.2,85,43,34,2,0,7,1,319,26.6,83,55,22,257,66,5.5,84,161,60,0.373,104,78,180,0.433,116,   331:12,   27:36,90,13,9,22,9,17,26,-4,-0.33
New Mexico St. (FBS Independent),12,3,9,96,891,4446,4.99,30,370.5,120,961,5711,5.94,58,63,475.9,112,166,113,17,296,112,166,113,17,296,92,10,21,0.476,101,8,13,0.615,113,24,33,570,1,23.75,113,24,33,570,1,23.75,30,537,297,16,3182,5.93,10.71,16,265.2,43,192,325,2490,20,7.66,12.97,207.5,63,76,634,52.83,127,25,387,1,15.48,127,25,387,1,15.48,113,40,13,8,10,31,0.775,114,53,29,8,11,48,0.906,124,354,1264,3.57,14,105.3,124,636,3221,5.06,38,268.4,125,40,265,3.33,125,63,60,1,0,18,1,496,41.3,94,38,37,1,0,12,0,303,25.3,58,52,46,306,75,6.3,99,196,71,0.362,119,90,194,0.464,127,   302:04,   25:10,114,10,7,17,9,16,25,-8,-0.67
North Carolina (ACC),11,2,9,31,817,4863,5.95,33,442.1,105,823,4924,5.98,45,49,447.6,48,118,110,21,249,48,118,110,21,249,92,10,21,0.476,51,9,18,0.5,35,20,32,387,0,19.35,35,20,32,387,0,19.35,47,415,244,14,2740,6.6,11.23,14,249.1,64,196,346,2517,17,7.27,12.84,228.8,72,66,612,55.64,10,16,56,0,3.5,10,16,56,0,3.5,78,45,15,9,13,37,0.822,69,48,21,9,10,40,0.833,44,402,2123,5.28,19,193,111,477,2407,5.05,28,218.8,7,10,69,0.91,107,49,45,1,0,13,0,380,34.5,77,35,33,2,0,18,0,301,27.4,24,63,32,319,79,7.2,111,168,58,0.345,106,71,162,0.438,101,   310:54,   28:15,111,10,7,17,9,14,23,-6,-0.55
North Texas (C-USA),13,9,4,20,966,5987,6.2,53,460.5,48,915,4870,5.32,38,38,374.6,40,87,136,22,245,40,87,136,22,245,109,10,24,0.417,34,9,20,0.45,45,37,35,735,0,19.86,45,37,35,735,0,19.86,12,504,321,9,3988,7.91,12.42,28,306.8,100,248,468,3312,18,7.08,13.35,254.8,50,57,644,49.54,78,10,91,0,9.1,78,10,91,0,9.1,42,60,21,17,14,52,0.867,24,45,15,8,12,35,0.778,87,462,1999,4.33,25,153.8,18,447,1558,3.49,20,119.8,63,28,210,2.15,43,38,35,2,0,15,1,314,24.2,27,57,51,0,0,19,0,450,34.6,18,75,44,407,97,7.5,83,177,66,0.373,32,69,197,0.35,34,   409:25,   31:29,35,4,18,22,8,9,17,5,0.38
Northern Ill. (MAC),14,8,6,123,998,4512,4.52,32,322.3,40,1046,4998,4.78,33,35,357,103,88,161,37,286,103,88,161,37,286,113,10,26,0.385,51,12,24,0.5,66,30,23,620,0,20.67,66,30,23,620,0,20.67,119,401,236,11,2175,5.42,9.22,15,155.4,95,272,479,3469,17,7.24,12.75,247.8,90,91,856,61.14,30,17,94,0,5.53,30,17,94,0,5.53,79,39,13,9,10,32,0.821,74,49,16,8,17,41,0.837,70,597,2337,3.91,17,166.9,11,567,1529,2.7,16,109.2,118,43,306,3.07,35,35,28,1,0,25,1,317,22.6,120,35,29,1,1,13,0,282,20.1,10,91,38,483,110,7.9,102,211,76,0.36,65,89,229,0.389,103,   394:52,   28:12,72,11,8,19,9,11,20,-1,-0.07
Northwestern (Big Ten),14,9,5,107,1046,4961,4.74,42,354.4,64,983,5472,5.57,35,38,390.9,90,104,160,13,277,90,104,160,13,277,115,12,32,0.375,6,8,23,0.348,36,44,8,852,0,19.36,36,44,8,852,0,19.36,58,528,319,16,3352,6.35,10.51,17,239.4,109,323,505,3657,21,7.24,11.32,261.2,1,40,363,25.93,33,21,125,0,5.95,33,21,125,0,5.95,56,47,23,7,10,40,0.851,36,45,10,11,15,36,0.8,119,518,1609,3.11,25,114.9,26,478,1815,3.8,14,129.6,91,36,251,2.57,41,38,33,1,0,20,1,325,23.2,99,44,39,3,0,10,0,339,24.2,76,63,34,281,80,5.7,70,222,86,0.387,41,75,205,0.366,63,   419:51,   29:59,27,14,12,26,3,16,19,7,0.5
Notre Dame (FBS Independent),13,12,1,32,954,5721,6,50,440.1,30,957,4516,4.72,26,28,347.4,68,95,141,23,259,68,95,141,23,259,18,16,25,0.64,68,13,25,0.52,108,33,33,762,2,23.09,108,33,33,762,2,23.09,36,418,268,13,3347,8.01,12.49,23,257.5,44,276,485,2703,10,5.57,9.79,207.9,34,67,596,45.85,62,18,149,0,8.28,62,18,149,0,8.28,44,52,17,15,13,45,0.865,11,36,12,7,8,27,0.75,51,536,2374,4.43,27,182.6,36,472,1813,3.84,16,139.5,49,25,141,1.92,13,28,25,1,0,14,0,237,18.2,41,51,46,0,1,18,0,408,31.4,63,63,30,351,78,6,32,193,83,0.43,64,82,211,0.389,86,   377:49,   29:03,41,9,12,21,4,13,17,4,0.31
Ohio (MAC),13,9,4,16,867,6068,7,65,466.8,65,834,5082,6.09,41,42,390.9,60,100,138,18,256,60,100,138,18,256,8,9,13,0.692,38,7,15,0.467,3,56,20,845,0,15.09,3,56,20,845,0,15.09,90,311,185,8,2707,8.7,14.63,25,208.2,99,256,422,3300,24,7.82,12.89,253.8,53,64,652,50.15,42,15,95,0,6.33,42,15,95,0,6.33,23,72,37,15,12,64,0.889,55,39,14,12,6,32,0.821,9,556,3361,6.04,40,258.5,33,412,1782,4.33,17,137.1,27,20,148,1.54,44,42,37,1,0,9,1,320,24.6,12,69,68,0,0,13,0,521,40.1,71,51,48,290,75,5.8,8,156,76,0.487,105,74,169,0.438,9,   433:06,   33:18,5,16,16,32,11,8,19,13,1
Ohio St. (Big Ten),14,13,1,2,1131,7498,6.63,74,535.6,72,979,5648,5.77,44,46,403.4,100,102,145,36,283,100,102,145,36,283,13,14,21,0.667,43,9,19,0.474,2,33,33,492,0,14.91,2,33,33,492,0,14.91,2,561,396,8,5100,9.09,12.88,51,364.3,86,272,489,3433,18,7.02,12.62,245.2,126,116,1055,75.36,8,13,43,0,3.31,8,13,43,0,3.31,115,70,20,24,11,54,0.771,113,42,18,11,9,38,0.905,63,570,2398,4.21,23,171.3,56,490,2215,4.52,26,158.2,31,23,116,1.64,51,46,39,0,0,14,0,357,25.5,8,79,76,0,0,13,2,593,42.4,28,88,22,421,99,7.1,17,204,95,0.466,15,67,205,0.327,29,   447:13,   31:56,32,12,11,23,9,8,17,6,0.43
Oklahoma (Big 12),14,12,2,1,928,7984,8.6,85,570.3,114,1036,6353,6.13,61,62,453.8,129,134,181,27,342,129,134,181,27,342,10,11,16,0.688,113,20,30,0.667,122,18,94,453,1,25.17,122,18,94,453,1,25.17,7,401,274,7,4520,11.27,16.5,43,322.9,129,315,488,4116,28,8.43,13.07,294,87,86,855,61.07,10,6,21,0,3.5,10,6,21,0,3.5,8,68,25,20,17,62,0.912,126,54,30,15,5,50,0.926,11,527,3464,6.57,42,247.4,59,548,2237,4.08,33,159.8,20,19,116,1.36,101,62,54,2,0,12,0,466,33.3,1,89,88,0,1,17,1,677,48.4,79,59,40,319,79,5.6,4,140,71,0.507,118,96,207,0.464,89,   405:34,   28:58,81,5,6,11,6,7,13,-2,-0.14
Oklahoma St. (Big 12),13,7,6,10,1011,6502,6.43,63,500.2,112,974,5882,6.04,53,55,452.5,116,108,156,37,301,116,108,156,37,301,20,15,24,0.625,73,10,19,0.526,29,26,53,494,0,19,29,26,53,494,0,19,10,493,293,13,4028,8.17,13.75,33,309.8,117,279,452,3472,27,7.68,12.44,267.1,115,89,917,70.54,47,20,141,1,7.05,47,20,141,1,7.05,18,67,28,17,15,60,0.896,9,53,18,11,10,39,0.736,46,518,2474,4.78,30,190.3,87,522,2410,4.62,26,185.4,95,34,231,2.62,97,55,52,1,0,12,1,422,32.5,13,65,61,0,0,16,0,499,38.4,20,83,26,344,96,7.4,23,194,87,0.448,54,71,189,0.376,118,   356:48,   27:26,117,8,5,13,9,13,22,-9,-0.69
Old Dominion (C-USA),12,4,8,40,905,5133,5.67,45,427.8,118,906,5657,6.24,56,59,471.4,109,121,143,27,291,109,121,143,27,291,48,17,30,0.567,38,14,30,0.467,58,32,26,653,1,20.41,58,32,26,653,1,20.41,15,480,293,12,3564,7.43,12.16,21,297,102,248,407,3060,25,7.52,12.34,255,47,61,586,48.83,16,11,47,0,4.27,16,11,47,0,4.27,101,58,23,14,9,46,0.793,69,42,17,13,5,35,0.833,110,425,1569,3.69,24,130.8,109,499,2597,5.2,31,216.4,97,32,191,2.67,111,59,51,1,0,8,0,431,35.9,48,47,40,2,0,14,1,370,30.8,88,50,30,224,65,5.4,93,174,64,0.368,77,70,175,0.4,79,   352:22,   29:21,107,5,9,14,8,12,20,-6,-0.5
Ole Miss (SEC),12,5,7,9,860,6126,7.12,45,510.5,121,918,5801,6.32,51,54,483.4,119,144,130,30,304,119,144,130,30,304,74,8,16,0.5,70,12,23,0.522,119,41,32,1012,1,24.68,119,41,32,1012,1,24.68,5,441,282,9,4157,9.43,14.74,21,346.4,111,250,395,3140,26,7.95,12.56,261.7,108,88,802,66.83,124,10,150,1,15,124,10,150,1,15,23,54,20,7,21,48,0.889,61,63,20,16,16,52,0.825,72,419,1969,4.7,24,164.1,116,523,2661,5.09,25,221.8,97,32,196,2.67,113,54,54,0,0,18,1,434,36.2,30,49,47,0,0,22,0,407,33.9,25,54,64,317,86,7.2,108,156,55,0.353,84,68,168,0.405,122,   323:36,   26:58,57,8,7,15,5,9,14,1,0.08
Oregon (Pac-12),13,9,4,41,947,5554,5.86,57,427.2,55,956,5017,5.25,37,38,385.9,84,102,147,23,272,84,102,147,23,272,27,17,28,0.607,18,10,25,0.4,105,44,23,998,0,22.68,105,44,23,998,0,22.68,49,418,246,8,3222,7.71,13.1,29,247.8,82,257,453,3141,24,6.93,12.22,241.6,41,65,623,47.92,51,14,103,0,7.36,51,14,103,0,7.36,64,51,23,15,5,43,0.843,74,49,8,12,21,41,0.837,54,529,2332,4.41,28,179.4,43,503,1876,3.73,13,144.3,35,22,150,1.69,48,38,33,0,0,23,0,330,25.4,25,62,57,2,0,6,1,453,34.8,82,62,20,301,72,5.5,34,196,84,0.429,45,75,202,0.371,105,   362:56,   27:55,35,6,17,23,10,8,18,5,0.38
Oregon St. (Pac-12),12,2,10,66,915,4857,5.31,40,404.8,128,868,6441,7.42,70,76,536.8,121,155,133,18,306,121,155,133,18,306,7,25,36,0.694,106,14,22,0.636,72,18,30,378,0,21,72,18,30,378,0,21,46,430,259,9,2990,6.95,11.54,17,249.2,101,235,369,3059,33,8.29,13.02,254.9,54,67,602,50.17,32,20,117,1,5.85,32,20,117,1,5.85,105,47,17,11,9,37,0.787,103,52,23,17,6,46,0.885,84,485,1867,3.85,23,155.6,128,499,3382,6.78,37,281.8,129,48,367,4,128,76,71,0,0,7,0,548,45.7,90,40,35,1,0,12,0,313,26.1,120,40,26,217,53,4.4,98,195,71,0.364,126,78,156,0.5,58,   362:06,   30:10,119,5,3,8,9,9,18,-10,-0.83
Penn St. (Big Ten),13,9,4,45,900,5499,6.11,55,423,34,965,4556,4.72,30,34,350.5,71,122,114,24,260,71,122,114,24,260,68,9,17,0.529,22,11,26,0.423,84,30,37,640,1,21.33,84,30,37,640,1,21.33,76,379,205,8,2835,7.48,13.83,21,218.1,15,223,416,2359,14,5.67,10.58,181.5,19,61,551,42.38,69,23,197,1,8.57,69,23,197,1,8.57,16,58,28,14,10,52,0.897,11,36,14,7,6,27,0.75,29,521,2664,5.11,34,204.9,72,549,2197,4,16,169,80,31,195,2.38,23,34,32,0,0,9,2,267,20.5,32,56,53,0,0,16,1,439,33.8,4,91,32,443,107,8.2,86,175,65,0.371,19,71,211,0.336,112,   359:53,   27:41,73,7,13,20,13,8,21,-1,-0.08
Pittsburgh (ACC),14,7,7,97,887,5176,5.84,42,369.7,59,929,5426,5.84,48,50,387.6,94,126,124,30,280,94,126,124,30,280,94,9,19,0.474,68,13,25,0.52,60,26,44,532,0,20.46,60,26,44,532,0,20.46,120,316,182,6,1985,6.28,10.91,12,141.8,46,229,410,2930,24,7.15,12.79,209.3,109,101,942,67.29,49,31,222,2,7.16,49,31,222,2,7.16,79,39,20,5,7,32,0.821,42,52,18,13,11,42,0.808,18,571,3191,5.59,30,227.9,80,519,2496,4.81,24,178.3,79,33,243,2.36,75,50,46,1,0,13,1,389,27.8,93,46,40,1,0,13,1,359,25.6,62,67,36,358,85,6.1,96,183,67,0.366,77,76,190,0.4,19,   456:01,   32:34,56,9,9,18,10,6,16,2,0.14
Purdue (Big Ten),13,6,7,29,909,5771,6.35,48,443.9,113,982,5884,5.99,47,49,452.6,122,118,163,26,307,122,118,163,26,307,72,10,19,0.526,86,14,25,0.56,86,32,40,686,0,21.44,86,32,40,686,0,21.44,11,509,333,13,3998,7.85,12.01,28,307.5,127,301,483,3701,22,7.66,12.3,284.7,99,81,837,64.38,29,15,82,0,5.47,29,15,82,0,5.47,6,49,13,16,16,45,0.918,40,56,22,9,14,45,0.804,104,400,1773,4.43,20,136.4,71,499,2183,4.37,25,167.9,73,30,184,2.31,82,49,45,0,0,17,0,390,30,51,49,44,1,0,19,0,397,30.5,113,55,12,250,61,4.7,71,181,70,0.387,38,67,184,0.364,72,   385:25,   29:38,100,3,11,14,6,13,19,-5,-0.38
Rice (C-USA),13,2,11,124,858,4139,4.82,28,318.4,103,842,5799,6.89,59,62,446.1,94,107,156,17,280,94,107,156,17,280,30,18,30,0.6,37,6,13,0.462,5,17,34,274,0,16.12,5,17,34,274,0,16.12,110,368,197,16,2272,6.17,11.53,13,174.8,124,247,392,3641,28,9.29,14.74,280.1,8,58,513,39.46,66,15,127,1,8.47,66,15,127,1,8.47,63,32,9,9,9,27,0.844,104,54,26,15,7,48,0.889,97,490,1867,3.81,15,143.6,69,450,2158,4.8,31,166,43,24,124,1.85,112,62,56,2,0,12,0,468,36,123,28,23,3,0,15,2,246,18.9,123,49,14,215,56,4.3,129,195,56,0.287,96,66,157,0.42,17,   424:52,   32:40,88,11,8,19,7,16,23,-4,-0.31
Rutgers (Big Ten),12,1,11,127,772,3195,4.14,17,266.3,69,845,4818,5.7,46,49,401.5,54,115,112,27,254,54,115,112,27,254,94,9,19,0.474,51,7,14,0.5,7,20,14,328,0,16.4,7,20,14,328,0,16.4,123,351,171,22,1586,4.52,9.27,5,132.2,19,197,354,2240,21,6.33,11.37,186.7,95,75,748,62.33,38,24,146,0,6.08,38,24,146,0,6.08,126,27,9,4,7,20,0.741,46,43,13,15,7,35,0.814,105,421,1609,3.82,12,134.1,108,491,2578,5.25,25,214.8,19,16,123,1.33,89,49,48,1,0,11,0,377,31.4,129,19,19,0,0,9,1,162,13.5,102,48,24,235,60,5,123,173,56,0.324,124,90,185,0.486,90,   346:56,   28:54,126,6,9,15,7,22,29,-14,-1.17
San Diego St. (MWC),13,7,6,111,831,4535,5.46,30,348.8,21,854,4350,5.09,34,35,334.6,13,77,120,19,216,13,77,120,19,216,51,10,18,0.556,38,7,15,0.467,47,13,45,259,0,19.92,47,13,45,259,0,19.92,100,312,166,7,2433,7.8,14.66,14,187.2,66,242,401,3001,18,7.48,12.4,230.8,92,93,803,61.77,34,24,143,0,5.96,34,24,143,0,5.96,94,36,12,6,11,29,0.806,107,38,15,10,9,34,0.895,74,519,2102,4.05,16,161.7,7,453,1349,2.98,16,103.8,89,33,221,2.54,32,35,27,3,0,13,3,288,22.2,119,31,27,2,0,17,0,268,20.6,94,53,30,240,68,5.2,110,180,63,0.35,89,80,193,0.415,54,   393:58,   30:18,84,5,10,15,11,7,18,-3,-0.23
San Jose St. (MWC),12,1,11,122,805,3884,4.82,29,323.7,125,955,5941,6.22,54,57,495.1,106,129,138,22,289,106,129,138,22,289,129,4,14,0.286,121,20,29,0.69,79,25,18,527,0,21.08,79,25,18,527,0,21.08,32,449,258,13,3146,7.01,12.19,21,262.2,126,252,418,3407,31,8.15,13.52,283.9,67,82,655,54.58,98,25,256,0,10.24,98,25,256,0,10.24,108,37,7,12,10,29,0.784,59,57,17,18,12,47,0.825,129,356,738,2.07,8,61.5,107,537,2534,4.72,23,211.2,121,39,254,3.25,115,57,54,1,0,13,1,439,36.6,116,31,25,0,0,14,1,255,21.3,109,44,28,184,58,4.8,120,186,61,0.328,85,78,190,0.411,125,   318:42,   26:33,57,7,13,20,6,13,19,1,0.08
SMU (AAC),12,5,7,80,869,4646,5.35,45,387.2,91,931,5158,5.54,45,54,429.8,94,132,129,19,280,94,132,129,19,280,40,20,34,0.588,113,14,21,0.667,106,34,12,778,2,22.88,106,34,12,778,2,22.88,27,468,268,8,3260,6.97,12.16,28,271.7,69,241,384,2795,23,7.28,11.6,232.9,33,63,550,45.83,85,17,166,1,9.76,85,17,166,1,9.76,72,47,11,19,9,39,0.83,85,47,17,14,9,40,0.851,118,401,1386,3.46,17,115.5,98,547,2363,4.32,22,196.9,92,31,245,2.58,110,54,50,0,1,15,1,423,35.3,53,47,40,3,0,11,2,365,30.4,17,65,52,309,91,7.6,119,185,61,0.33,122,94,197,0.477,120,   326:49,   27:14,23,11,11,22,7,8,15,7,0.58
South Alabama (Sun Belt),12,3,9,105,810,4263,5.26,36,355.3,107,804,5384,6.7,59,61,448.7,81,113,123,33,269,81,113,123,33,269,21,16,26,0.615,45,10,21,0.476,78,38,9,801,0,21.08,78,38,9,801,0,21.08,94,319,200,10,2439,7.65,12.2,19,203.3,90,207,320,2948,26,9.21,14.24,245.7,129,107,1002,83.5,106,18,193,0,10.72,106,18,193,0,10.72,60,39,16,11,6,33,0.846,127,55,25,15,11,51,0.927,92,491,1824,3.71,17,152,101,484,2436,5.03,33,203,59,25,161,2.08,122,61,58,1,0,13,0,465,38.8,100,38,31,2,0,9,0,290,24.2,96,49,26,244,62,5.2,109,177,62,0.35,51,55,147,0.374,62,   360:17,   30:01,90,6,12,18,12,10,22,-4,-0.33
South Carolina (SEC),13,7,6,43,887,5533,6.24,47,425.6,84,991,5516,5.57,41,42,424.3,127,152,151,27,330,127,152,151,27,330,111,10,25,0.4,83,11,20,0.55,94,17,48,374,0,22,94,17,48,374,0,22,26,443,272,14,3547,8.01,13.04,32,272.8,65,262,422,2977,12,7.05,11.36,229,60,82,682,52.46,56,15,115,0,7.67,56,15,115,0,7.67,117,56,15,17,11,43,0.768,58,62,27,10,14,51,0.823,91,444,1986,4.47,15,152.8,95,569,2539,4.46,29,195.3,39,23,162,1.77,69,42,39,0,0,21,0,354,27.2,56,50,46,3,0,13,0,391,30.1,60,65,30,270,80,6.2,41,168,71,0.423,69,71,182,0.39,129,   324:20,   24:56,100,10,6,16,7,14,21,-5,-0.38
South Fla. (AAC),13,7,6,33,949,5690,6,43,437.7,104,994,5806,5.84,51,53,446.6,118,160,117,25,302,118,160,117,25,302,30,12,20,0.6,89,13,23,0.565,27,44,12,831,0,18.89,27,44,12,831,0,18.89,54,432,252,12,3168,7.33,12.57,17,243.7,35,202,365,2588,15,7.09,12.81,199.1,110,99,877,67.46,96,23,234,1,10.17,96,23,234,1,10.17,42,45,19,5,15,39,0.867,62,52,25,8,10,43,0.827,43,517,2522,4.88,26,194,122,629,3218,5.12,36,247.5,110,38,213,2.92,95,53,51,1,0,15,0,416,32,69,46,39,1,0,17,1,370,28.5,33,62,52,306,88,6.8,79,195,73,0.374,88,87,210,0.414,121,   351:00,   27:00,73,10,11,21,10,12,22,-1,-0.08
Southern California (Pac-12),12,5,7,83,794,4591,5.78,35,382.6,60,868,4656,5.36,40,42,388,43,94,128,24,246,43,94,128,24,246,68,9,17,0.529,102,13,21,0.619,109,18,41,416,0,23.11,109,18,41,416,0,23.11,48,402,244,10,2989,7.44,12.25,18,249.1,61,239,408,2679,20,6.57,11.21,223.3,122,96,883,73.58,101,19,199,1,10.47,101,19,199,1,10.47,98,35,12,7,9,28,0.8,53,33,14,7,6,27,0.818,106,392,1602,4.09,17,133.5,67,460,1977,4.3,20,164.8,67,27,196,2.25,64,42,37,0,0,11,1,324,27,90,39,38,1,0,13,0,313,26.1,32,65,36,311,83,6.9,87,167,62,0.371,76,77,193,0.399,93,   345:42,   28:48,119,6,4,10,10,10,20,-10,-0.83
Southern Miss. (C-USA),11,6,5,99,788,4044,5.13,30,367.6,3,672,3062,4.56,23,27,278.4,1,59,89,13,161,1,59,89,13,161,105,8,18,0.444,123,5,7,0.714,32,21,29,405,0,19.29,32,21,29,405,0,19.29,39,389,269,13,2805,7.21,10.43,19,255,10,179,335,1932,13,5.77,10.79,175.6,30,60,501,45.55,6,8,25,0,3.13,6,8,25,0,3.13,49,35,10,10,10,30,0.857,10,31,7,8,8,23,0.742,120,399,1239,3.11,11,112.6,6,337,1130,3.35,10,102.7,111,33,255,3,19,27,24,1,0,10,0,218,19.8,89,34,30,0,0,18,0,288,26.2,45,57,30,247,72,6.5,103,153,55,0.359,28,53,154,0.344,13,   361:16,   32:50,80,8,14,22,10,13,23,-1,-0.09
Stanford (Pac-12),13,9,4,85,808,4953,6.13,45,381,78,942,5331,5.66,31,33,410.1,84,103,154,15,272,84,103,154,15,272,13,8,12,0.667,82,17,31,0.548,129,5,60,166,1,33.2,129,5,60,166,1,33.2,25,424,271,11,3550,8.37,13.1,29,273.1,114,283,466,3432,14,7.36,12.13,264,17,72,548,42.15,27,14,76,0,5.43,27,14,76,0,5.43,22,46,12,17,12,41,0.891,35,49,14,10,15,39,0.796,122,384,1403,3.65,16,107.9,45,476,1899,3.99,17,146.1,43,24,147,1.85,37,33,32,0,0,22,1,298,22.9,72,46,42,2,0,15,1,369,28.4,85,56,30,326,71,5.5,64,170,67,0.394,56,75,199,0.377,60,   391:04,   30:04,46,7,11,18,4,11,15,3,0.23
Syracuse (ACC),13,10,3,19,1063,6042,5.68,60,464.8,87,951,5545,5.83,40,42,426.5,65,103,133,22,258,65,103,133,22,258,51,10,18,0.556,28,11,25,0.44,22,22,61,403,0,18.32,22,22,61,403,0,18.32,31,461,271,12,3441,7.46,12.7,22,264.7,115,255,463,3433,20,7.41,13.46,264.1,82,94,768,59.08,88,16,158,1,9.88,88,16,158,1,9.88,21,75,34,11,22,67,0.893,17,51,15,11,13,39,0.765,36,602,2601,4.32,38,200.1,63,488,2112,4.33,20,162.5,109,37,243,2.85,64,42,39,0,0,20,0,351,27,11,62,61,0,0,30,0,523,40.2,20,87,18,429,96,7.4,60,211,84,0.398,7,56,196,0.286,46,   396:14,   30:28,5,13,18,31,6,12,18,13,1
TCU (Big 12),13,7,6,98,904,4785,5.29,32,368.1,24,906,4397,4.85,36,38,338.2,31,110,116,16,242,31,110,116,16,242,115,6,16,0.375,46,12,25,0.48,28,31,20,588,0,18.97,28,31,20,588,0,18.97,87,410,239,15,2749,6.7,11.5,18,211.5,37,226,407,2595,17,6.38,11.48,199.6,5,56,508,39.08,21,14,68,0,4.86,21,14,68,0,4.86,118,34,9,7,10,26,0.765,32,38,14,7,9,30,0.789,81,494,2036,4.12,14,156.6,34,499,1802,3.61,19,138.6,14,16,109,1.23,40,38,35,0,0,11,2,300,23.1,106,38,37,0,0,13,1,306,23.5,33,79,18,320,88,6.8,92,193,71,0.368,12,58,184,0.315,39,   402:43,   30:58,100,9,12,21,11,15,26,-5,-0.38
Temple (AAC),13,8,5,60,937,5324,5.68,48,409.5,47,1036,4843,4.67,45,47,372.5,114,142,116,39,297,114,142,116,39,297,87,13,27,0.481,91,20,35,0.571,12,51,10,877,0,17.2,12,51,10,877,0,17.2,41,443,252,19,3297,7.44,13.08,20,253.6,20,241,438,2436,23,5.56,10.11,187.4,113,95,911,70.08,102,22,233,1,10.59,102,22,233,1,10.59,97,56,24,11,10,45,0.804,51,49,17,17,6,40,0.816,82,494,2027,4.1,28,155.9,86,598,2407,4.03,22,185.2,21,18,106,1.38,66,47,41,1,0,9,0,352,27.1,23,60,56,1,0,12,0,454,34.9,59,71,20,328,81,6.2,67,185,72,0.389,97,91,216,0.421,97,   371:23,   28:34,30,13,18,31,6,19,25,6,0.46
Tennessee (SEC),12,5,7,121,716,3906,5.46,30,325.5,49,799,4529,5.67,41,42,377.4,35,103,124,16,243,35,103,124,16,243,100,5,11,0.455,76,7,13,0.538,90,22,23,476,0,21.64,90,22,23,476,0,21.64,96,297,176,5,2357,7.94,13.39,15,196.4,60,221,351,2675,21,7.62,12.1,222.9,36,68,558,46.5,4,9,18,0,2,4,9,18,0,2,28,34,13,9,8,30,0.882,119,45,18,12,11,41,0.911,113,419,1549,3.7,15,129.1,52,448,1854,4.14,20,154.5,47,23,155,1.92,77,42,38,1,0,13,2,335,27.9,108,35,31,1,0,10,0,273,22.8,77,59,18,269,68,5.7,73,157,60,0.382,67,60,154,0.39,85,   350:02,   29:10,77,6,9,15,11,5,16,-1,-0.08
Texas (Big 12),14,10,4,57,1045,5758,5.51,52,411.3,67,982,5499,5.6,44,44,392.8,106,104,158,27,289,106,104,158,27,289,2,12,15,0.8,78,12,22,0.545,98,27,52,601,0,22.26,98,27,52,601,0,22.26,34,476,310,6,3615,7.59,11.66,28,258.2,110,300,496,3660,26,7.38,12.2,261.4,97,103,894,63.86,72,17,148,0,8.71,72,17,148,0,8.71,82,50,23,10,8,41,0.82,17,51,13,16,10,39,0.765,90,569,2143,3.77,24,153.1,28,486,1839,3.78,18,131.4,53,28,218,2,57,44,43,1,0,17,1,362,25.9,46,54,51,1,0,18,2,435,31.1,29,81,35,365,99,7,18,207,96,0.464,108,93,210,0.443,22,   454:44,   32:28,19,8,12,20,5,6,11,9,0.64
Texas A&M (SEC),13,9,4,15,980,6131,6.26,53,471.6,32,785,4529,5.77,40,43,348.4,14,76,124,21,221,14,76,124,21,221,74,5,10,0.5,51,5,10,0.5,9,17,57,281,0,16.53,9,17,57,281,0,16.53,43,442,254,9,3284,7.43,12.93,25,252.6,98,244,402,3291,26,8.19,13.49,253.2,57,80,662,50.92,41,21,132,0,6.29,41,21,132,0,6.29,59,67,22,18,17,57,0.851,15,37,12,13,3,28,0.757,21,538,2847,5.29,28,219,3,383,1238,3.23,14,95.2,102,35,223,2.69,47,43,36,4,0,9,0,329,25.3,19,57,51,3,0,23,0,468,36,13,77,46,398,100,7.7,51,170,70,0.412,9,49,162,0.302,3,   449:28,   34:34,109,4,7,11,9,9,18,-7,-0.54
Texas St. (Sun Belt),12,3,9,120,778,3963,5.09,30,330.3,53,869,4607,5.3,34,39,383.9,14,100,106,15,221,14,100,106,15,221,97,7,15,0.467,96,13,22,0.591,14,27,17,477,0,17.67,14,27,17,477,0,17.67,104,331,195,12,2186,6.6,11.21,15,182.2,39,224,388,2419,15,6.23,10.8,201.6,43,72,578,48.17,55,20,153,1,7.65,55,20,153,1,7.65,121,33,12,8,5,25,0.758,80,45,17,10,11,38,0.844,95,447,1777,3.98,15,148.1,81,481,2188,4.55,19,182.3,82,29,210,2.42,74,39,36,1,0,18,3,332,27.7,121,32,27,0,0,6,0,237,19.8,109,41,34,176,58,4.8,124,166,53,0.319,68,78,200,0.39,107,   334:37,   27:53,103,12,6,18,11,12,23,-5,-0.42
Texas Tech (Big 12),12,5,7,12,972,5822,5.99,54,485.2,108,905,5387,5.95,44,47,448.9,90,107,142,28,277,90,107,142,28,277,24,11,18,0.611,14,8,21,0.381,82,21,48,445,1,21.19,82,21,48,445,1,21.19,3,535,361,15,4231,7.91,11.72,28,352.6,128,246,434,3460,28,7.97,14.07,288.3,124,96,890,74.17,40,6,37,0,6.17,40,6,37,0,6.17,31,58,22,18,11,51,0.879,26,46,11,15,10,36,0.783,108,437,1591,3.64,26,132.6,61,471,1927,4.09,16,160.6,59,25,176,2.08,86,47,46,0,1,13,2,373,31.1,16,57,55,0,0,17,0,448,37.3,69,50,40,308,70,5.8,12,182,86,0.473,57,66,175,0.377,57,   362:40,   30:13,90,6,12,18,7,15,22,-4,-0.33
Toledo (MAC),13,7,6,30,927,5770,6.22,62,443.8,93,963,5620,5.84,51,54,432.3,104,116,140,31,287,104,116,140,31,287,101,9,20,0.45,25,10,23,0.435,46,35,49,697,0,19.91,46,35,49,697,0,19.91,68,395,220,11,2963,7.5,13.47,32,227.9,103,283,467,3316,20,7.1,11.72,255.1,119,99,931,71.62,107,11,121,1,11,107,11,121,1,11,106,61,23,16,9,48,0.787,95,39,19,10,5,34,0.872,25,532,2807,5.28,30,215.9,79,496,2304,4.65,31,177.2,73,30,169,2.31,84,54,50,1,0,7,0,397,30.5,9,69,64,1,0,15,0,525,40.4,30,62,56,358,90,6.9,88,176,65,0.369,27,67,195,0.344,76,   382:40,   29:26,46,9,12,21,7,11,18,3,0.23
Troy (Sun Belt),13,10,3,79,857,5062,5.91,46,389.4,31,896,4523,5.05,35,38,347.9,28,100,121,19,240,28,100,121,19,240,90,11,23,0.478,109,13,20,0.65,98,27,36,601,0,22.26,98,27,36,601,0,22.26,80,372,248,8,2799,7.52,11.29,25,215.3,57,227,388,2850,19,7.35,12.56,219.2,74,92,736,56.62,35,11,66,0,6,35,11,66,0,6,74,46,16,12,10,38,0.826,22,44,15,13,6,34,0.773,58,485,2263,4.67,21,174.1,24,508,1673,3.29,16,128.7,56,27,186,2.08,28,38,31,3,0,7,0,286,22,50,49,45,2,0,18,1,399,30.7,16,71,56,405,99,7.6,74,181,69,0.381,62,74,191,0.387,61,   390:34,   30:02,11,13,18,31,13,8,21,10,0.77
Tulane (AAC),13,7,6,69,904,5214,5.77,44,401.1,75,951,5288,5.56,45,46,406.8,94,106,145,29,280,94,106,145,29,280,120,10,28,0.357,48,14,29,0.483,24,26,35,485,0,18.65,24,26,35,485,0,18.65,103,300,151,7,2378,7.93,15.75,15,182.9,107,239,457,3373,25,7.38,14.11,259.5,93,88,805,61.92,81,19,179,0,9.42,81,19,179,0,9.42,10,33,19,3,8,30,0.909,24,45,13,13,10,35,0.778,23,604,2836,4.7,29,218.2,46,494,1915,3.88,20,147.3,102,35,206,2.69,73,46,39,2,0,13,0,358,27.5,81,45,41,2,0,10,2,349,26.8,46,68,34,352,85,6.5,105,189,67,0.354,20,65,193,0.337,24,   419:20,   32:15,73,6,12,18,12,7,19,-1,-0.08
Tulsa (AAC),12,3,9,90,899,4531,5.04,36,377.6,76,869,4892,5.63,37,43,407.7,65,135,95,28,258,65,135,95,28,258,43,18,31,0.581,10,4,11,0.364,40,25,28,487,0,19.48,40,25,28,487,0,19.48,109,317,171,10,2125,6.7,12.43,13,177.1,8,180,310,2095,11,6.76,11.64,174.6,94,85,746,62.17,103,26,277,1,10.65,103,26,277,1,10.65,104,52,23,7,11,41,0.788,44,53,19,8,16,43,0.811,35,582,2406,4.13,23,200.5,118,559,2797,5,26,233.1,121,39,241,3.25,80,43,38,0,0,19,1,355,29.6,102,36,35,0,1,12,0,289,24.1,106,44,30,209,59,4.9,33,200,86,0.43,117,81,177,0.458,84,   350:20,   29:11,90,11,9,20,14,10,24,-4,-0.33
UAB (C-USA),14,11,3,64,963,5680,5.9,50,405.7,9,875,4189,4.79,27,28,299.2,31,92,107,43,242,31,92,107,43,242,113,5,13,0.385,5,7,22,0.318,127,5,71,134,0,26.8,127,5,71,134,0,26.8,93,340,191,16,2862,8.42,14.98,18,204.4,14,215,395,2536,14,6.42,11.8,181.1,121,95,1023,73.07,75,8,71,0,8.88,75,8,71,0,8.88,76,57,27,6,14,47,0.825,64,35,9,7,13,29,0.829,34,623,2818,4.52,32,201.3,17,480,1653,3.44,13,118.1,31,23,171,1.64,7,28,25,0,0,15,0,238,17,59,53,51,0,0,15,2,418,29.9,7,94,34,466,111,7.9,24,190,85,0.447,2,47,181,0.26,16,   458:39,   32:45,69,11,9,20,4,16,20,0,0
UCF (AAC),13,12,1,5,986,6795,6.89,72,522.7,95,1031,5638,5.47,33,35,433.7,122,160,122,25,307,122,160,122,25,307,30,12,20,0.6,24,13,30,0.433,48,52,29,1038,0,19.96,48,52,29,1038,0,19.96,36,392,224,7,3347,8.54,14.94,29,257.5,50,229,413,2748,16,6.65,12,211.4,102,97,848,65.23,83,13,124,1,9.54,83,13,124,1,9.54,14,59,31,16,6,53,0.898,11,44,12,7,14,33,0.75,8,594,3448,5.8,43,265.2,117,618,2890,4.68,17,222.3,25,19,130,1.46,36,35,31,0,0,18,0,295,22.7,6,75,74,1,0,12,0,562,43.2,5,82,48,334,106,8.2,5,175,88,0.503,94,90,215,0.419,126,   330:27,   25:25,3,14,14,28,7,7,14,14,1.08
UCLA (Pac-12),12,3,9,74,854,4711,5.52,33,392.6,102,891,5339,5.99,50,52,444.9,99,121,135,25,281,99,121,135,25,281,62,14,26,0.538,73,10,19,0.526,125,22,38,572,0,26,125,22,38,572,0,26,61,403,239,10,2853,7.08,11.94,13,237.8,88,226,371,2946,19,7.94,13.04,245.5,78,82,684,57,128,19,325,2,17.11,128,19,325,2,17.11,91,37,15,7,8,30,0.811,107,57,29,10,12,51,0.895,85,451,1858,4.12,20,154.8,100,520,2393,4.6,31,199.4,97,32,216,2.67,104,52,49,2,0,14,1,409,34.1,97,36,35,0,0,14,1,295,24.6,115,48,14,184,55,4.6,77,175,66,0.377,123,85,177,0.48,117,   330:49,   27:34,57,7,11,18,7,10,17,1,0.08
UConn (AAC),12,1,11,88,851,4541,5.34,36,378.4,129,841,7409,8.81,78,81,617.4,126,179,134,12,325,126,179,134,12,325,60,13,24,0.542,118,13,19,0.684,116,33,17,796,1,24.12,116,33,17,796,1,24.12,107,351,199,17,2147,6.12,10.79,20,178.9,125,227,317,3389,33,10.69,14.93,282.4,14,55,494,41.17,100,21,218,1,10.38,100,21,218,1,10.38,125,35,11,15,0,26,0.743,125,67,33,17,12,62,0.925,37,500,2394,4.79,16,199.5,129,524,4020,7.67,45,335,77,28,159,2.33,129,81,77,0,0,14,0,605,50.4,111,36,32,0,0,6,0,266,22.2,122,36,32,149,52,4.3,40,177,75,0.424,126,65,130,0.5,32,   380:35,   31:42,128,6,5,11,11,17,28,-17,-1.42
UNLV (MWC),12,4,8,77,892,4694,5.26,47,391.2,115,843,5450,6.47,53,55,454.2,63,114,133,10,257,63,114,133,10,257,58,17,31,0.548,119,11,16,0.688,41,24,28,468,0,19.5,41,24,28,468,0,19.5,113,348,178,12,2002,5.75,11.25,24,166.8,118,225,381,3211,29,8.43,14.27,267.6,32,65,548,45.67,63,30,249,1,8.3,63,30,249,1,8.3,33,41,16,15,5,36,0.878,100,57,19,14,17,50,0.877,19,544,2692,4.95,23,224.3,88,462,2239,4.85,24,186.6,92,31,180,2.58,119,55,47,2,0,22,0,447,37.3,66,47,41,1,0,6,1,345,28.8,63,56,32,234,72,6,81,190,71,0.374,86,69,168,0.411,49,   364:39,   30:23,57,10,10,20,7,12,19,1,0.08
Utah (Pac-12),14,9,5,71,971,5541,5.71,42,395.8,14,956,4418,4.62,32,35,315.6,27,82,128,28,238,27,82,128,28,238,55,11,20,0.55,35,14,31,0.452,70,22,58,460,0,20.91,70,22,58,460,0,20.91,78,408,251,12,3021,7.4,12.04,19,215.8,53,272,469,3014,18,6.43,11.08,215.3,38,71,656,46.86,28,13,71,0,5.46,28,13,71,0,5.46,15,49,18,10,16,44,0.898,2,40,11,9,7,27,0.675,53,563,2520,4.48,23,180,5,487,1404,2.88,14,100.3,72,32,196,2.29,17,35,33,1,0,9,0,272,19.4,75,45,45,0,0,26,0,393,28.1,11,90,38,436,109,7.8,78,199,75,0.377,17,72,216,0.333,68,   417:39,   29:49,99,6,15,21,14,12,26,-5,-0.36
Utah St. (MWC),13,11,2,11,945,6466,6.84,69,497.4,51,986,4933,5,30,33,379.5,54,100,123,31,254,54,100,123,31,254,30,6,10,0.6,21,13,31,0.419,92,32,72,695,0,21.72,92,32,72,695,0,21.72,17,465,303,6,3825,8.23,12.62,32,294.2,77,244,455,3074,18,6.76,12.6,236.5,114,101,916,70.46,120,10,130,1,13,120,10,130,1,13,40,61,25,14,14,53,0.869,88,41,11,11,13,35,0.854,31,480,2641,5.5,37,203.2,41,531,1859,3.5,12,143,4,10,70,0.77,33,33,24,4,0,19,1,289,22.2,2,79,78,0,0,22,0,618,47.5,23,75,40,365,95,7.3,12,182,86,0.473,16,71,215,0.33,124,   345:30,   26:34,3,10,22,32,12,6,18,14,1.08
UTEP (C-USA),12,1,11,125,751,3692,4.92,27,307.7,68,797,4736,5.94,43,49,394.7,31,120,102,20,242,31,120,102,20,242,123,5,15,0.333,84,10,18,0.556,83,13,30,276,0,21.23,83,13,30,276,0,21.23,102,324,161,19,2208,6.81,13.71,10,184,34,203,322,2387,21,7.41,11.76,198.9,20,64,518,43.17,31,20,112,1,5.6,31,20,112,1,5.6,109,32,15,4,6,25,0.781,79,51,16,14,13,43,0.843,115,427,1484,3.48,17,123.7,96,475,2349,4.95,22,195.8,126,42,257,3.5,99,49,40,3,0,17,1,393,32.8,126,27,21,4,0,7,0,212,17.7,102,42,36,217,60,5,107,164,58,0.354,42,59,160,0.369,69,   357:33,   29:47,128,6,5,11,9,19,28,-17,-1.42
UTSA (C-USA),12,3,9,129,758,2965,3.91,16,247.1,96,815,5226,6.41,45,47,435.5,50,100,139,13,252,50,100,139,13,252,74,10,20,0.5,100,11,18,0.611,34,23,7,445,0,19.35,34,23,7,445,0,19.35,117,404,204,10,1918,4.75,9.4,9,159.8,122,229,350,3303,25,9.44,14.42,275.3,16,65,499,41.58,45,24,160,0,6.67,45,24,160,0,6.67,93,26,7,8,6,21,0.808,121,46,18,13,11,42,0.913,127,354,1047,2.96,7,87.3,60,465,1923,4.14,20,160.3,111,36,250,3,87,47,47,0,0,15,0,374,31.2,128,18,18,0,0,14,1,170,14.2,48,63,30,250,78,6.5,121,172,56,0.326,82,63,156,0.404,114,   331:43,   27:38,57,10,9,19,8,10,18,1,0.08
Vanderbilt (SEC),13,6,7,58,850,5346,6.29,46,411.2,99,929,5706,6.14,41,41,438.9,119,150,137,17,304,119,150,137,17,304,74,11,22,0.5,104,12,19,0.632,114,16,51,381,0,23.81,114,16,51,381,0,23.81,54,416,258,6,3168,7.62,12.28,24,243.7,85,257,419,3175,22,7.58,12.35,244.2,23,72,568,43.69,60,16,130,0,8.13,60,16,130,0,8.13,120,50,15,14,9,38,0.76,48,54,14,14,16,44,0.815,66,434,2178,5.02,22,167.5,94,510,2531,4.96,19,194.7,35,22,168,1.69,61,41,37,0,0,21,0,346,26.6,69,47,47,0,0,13,1,370,28.5,111,49,26,227,62,4.8,91,163,60,0.368,116,83,182,0.456,37,   403:54,   31:04,20,9,13,22,8,6,14,8,0.62
Virginia (ACC),13,8,5,81,857,5003,5.84,45,384.8,20,815,4297,5.27,27,30,330.5,10,92,109,12,213,10,92,109,12,213,21,8,13,0.615,25,10,23,0.435,121,24,47,599,1,24.96,121,24,47,599,1,24.96,86,358,228,9,2751,7.68,12.07,26,211.6,16,196,373,2379,12,6.38,12.14,183,11,59,528,40.62,7,14,45,1,3.21,7,14,45,1,3.21,126,54,14,14,12,40,0.741,82,33,12,6,10,28,0.848,60,499,2252,4.51,19,173.2,47,442,1918,4.34,15,147.5,85,32,198,2.46,21,30,25,3,0,16,1,261,20.1,69,46,45,1,1,15,0,370,28.5,111,42,40,257,62,4.8,6,171,84,0.491,81,73,181,0.403,20,   423:17,   32:33,54,4,17,21,10,9,19,2,0.15
Virginia Tech (ACC),13,6,7,39,949,5566,5.87,48,428.2,98,892,5703,6.39,51,53,438.7,77,122,120,22,264,77,122,120,22,264,51,15,27,0.556,43,9,19,0.474,49,8,61,160,0,20,49,8,61,160,0,20,40,429,250,10,3300,7.69,13.2,29,253.8,63,233,391,2969,18,7.59,12.74,228.4,69,75,714,54.92,91,19,190,1,10,91,19,190,1,10,11,42,15,14,9,38,0.905,31,52,24,7,10,41,0.788,57,520,2266,4.36,19,174.3,106,501,2734,5.46,33,210.3,63,28,191,2.15,85,53,52,0,0,11,0,403,31,60,50,48,2,0,12,0,388,29.8,65,57,40,292,77,5.9,82,193,72,0.373,63,69,178,0.388,56,   392:55,   30:13,46,12,7,19,6,10,16,3,0.23
Wake Forest (ACC),13,7,6,28,1067,5847,5.48,46,449.8,116,1015,5962,5.87,57,59,458.6,108,120,149,21,290,108,120,149,21,290,46,15,26,0.577,66,14,27,0.519,115,46,33,1097,1,23.85,115,46,33,1097,1,23.85,64,442,247,13,3069,6.94,12.43,25,236.1,116,308,489,3459,26,7.07,11.23,266.1,17,55,548,42.15,82,23,219,0,9.52,82,23,219,0,9.52,54,61,18,19,15,52,0.852,124,40,19,13,5,37,0.925,26,625,2778,4.44,21,213.7,93,526,2503,4.76,31,192.5,95,34,195,2.62,102,59,55,0,0,8,0,433,33.3,34,53,52,0,0,19,0,427,32.8,51,63,40,276,83,6.4,45,229,96,0.419,98,92,218,0.422,102,   366:58,   28:13,84,10,6,16,6,13,19,-3,-0.23
Washington (Pac-12),14,10,4,54,969,5805,5.99,45,414.6,12,918,4287,4.67,25,26,306.2,24,88,135,14,237,24,88,135,14,237,73,11,21,0.524,89,13,23,0.565,76,42,24,884,0,21.05,76,42,24,884,0,21.05,60,405,264,12,3337,8.24,12.64,19,238.4,25,295,457,2661,12,5.82,9.02,190.1,25,69,619,44.21,97,20,204,0,10.2,97,20,204,0,10.2,103,62,21,14,14,49,0.79,55,39,13,10,9,32,0.821,55,564,2468,4.38,26,176.3,15,461,1626,3.53,13,116.1,37,24,171,1.71,5,26,20,0,1,17,0,229,16.4,88,46,43,1,0,16,0,369,26.4,116,53,22,289,64,4.6,22,194,88,0.454,58,81,214,0.379,23,   452:50,   32:20,50,9,11,20,5,12,17,3,0.21
Washington St. (Pac-12),13,11,2,27,958,5869,6.13,63,451.5,42,838,4674,5.58,38,38,359.5,58,101,118,36,255,58,101,118,36,255,8,18,26,0.692,123,15,21,0.714,57,39,40,792,0,20.31,57,39,40,792,0,20.31,1,677,478,10,4859,7.18,10.17,39,373.8,56,231,391,2835,17,7.25,12.27,218.1,101,86,838,64.46,59,13,103,0,7.92,59,13,103,0,7.92,37,64,22,28,6,56,0.875,97,40,18,9,8,35,0.875,128,281,1010,3.59,24,77.7,38,447,1839,4.11,21,141.5,8,13,75,1,42,38,33,2,0,12,1,303,23.3,15,66,60,0,1,10,0,488,37.5,33,68,40,381,88,6.8,31,173,75,0.434,36,62,172,0.36,25,   419:01,   32:13,20,11,12,23,5,10,15,8,0.62
West Virginia (Big 12),12,8,4,8,870,6147,7.07,60,512.3,74,839,4876,5.81,39,41,406.3,73,112,131,19,262,73,112,131,19,262,49,9,16,0.563,104,12,19,0.632,33,44,25,850,0,19.32,33,44,25,850,0,19.32,4,445,291,10,4216,9.47,14.49,38,351.3,106,247,389,3104,22,7.98,12.57,258.7,106,85,800,66.67,56,9,69,0,7.67,56,9,69,0,7.67,89,53,17,18,8,43,0.811,93,45,14,14,11,39,0.867,75,425,1931,4.54,22,160.9,48,450,1772,3.94,17,147.7,82,29,204,2.42,67,41,38,2,0,12,1,326,27.2,10,62,59,1,0,16,1,483,40.3,6,85,22,366,96,8,28,156,68,0.436,37,57,158,0.361,92,   346:09,   28:50,23,9,15,24,7,10,17,7,0.58
Western Ky. (C-USA),12,3,9,101,870,4364,5.02,30,363.7,82,862,5059,5.87,36,37,421.6,72,112,127,22,261,72,112,127,22,261,115,9,24,0.375,78,12,22,0.545,91,35,13,758,0,21.66,91,35,13,758,0,21.66,69,431,254,10,2722,6.32,10.72,15,226.8,97,228,406,2985,17,7.35,13.09,248.8,77,79,683,56.92,99,7,72,0,10.29,99,7,72,0,10.29,119,42,14,11,7,32,0.762,51,49,13,10,17,40,0.816,103,439,1642,3.74,15,136.8,77,456,2074,4.55,19,172.8,97,32,204,2.67,76,37,33,3,0,23,2,334,27.8,117,32,27,1,0,10,1,253,21.1,88,51,28,241,65,5.4,67,185,72,0.389,46,61,164,0.372,77,   352:45,   29:23,52,6,12,18,6,10,16,2,0.17
Western Mich. (MAC),13,7,6,35,962,5679,5.9,52,436.8,57,813,5026,6.18,57,60,386.6,58,112,123,20,255,58,112,123,20,255,40,20,34,0.588,51,8,16,0.5,30,57,6,1087,1,19.07,30,57,6,1087,1,19.07,62,396,243,9,3086,7.79,12.7,20,237.4,59,205,328,2870,30,8.75,14,220.8,59,77,678,52.15,58,13,102,1,7.85,58,13,102,1,7.85,83,55,27,9,9,45,0.818,117,55,21,22,7,50,0.909,38,566,2593,4.58,32,199.5,68,485,2156,4.45,27,165.8,27,20,103,1.54,106,60,56,0,0,11,0,449,34.5,38,55,47,3,0,11,0,416,32,30,69,42,363,90,6.9,97,189,69,0.365,31,54,155,0.348,6,   436:55,   33:36,63,11,9,20,10,9,19,1,0.08
Wisconsin (Big Ten),13,8,5,36,875,5604,6.4,51,431.1,29,814,4474,5.5,31,33,344.2,19,98,108,24,230,19,98,108,24,230,109,5,12,0.417,76,7,13,0.538,55,13,54,263,0,20.23,55,13,54,263,0,20.23,118,304,179,14,2050,6.74,11.45,19,157.7,22,209,360,2458,14,6.83,11.76,189.1,56,74,657,50.54,109,17,191,1,11.24,109,17,191,1,11.24,41,53,21,16,9,46,0.868,77,44,14,9,14,37,0.841,6,571,3554,6.22,32,273.4,54,454,2016,4.44,17,155.1,43,24,151,1.85,34,33,31,1,0,21,0,294,22.6,61,51,48,1,0,10,0,386,29.7,107,52,22,233,63,4.8,50,155,64,0.413,55,67,178,0.376,28,   416:57,   32:04,63,11,14,25,10,14,24,1,0.08
Wyoming (MWC),12,6,6,118,771,3969,5.15,27,330.8,19,818,3914,4.78,32,33,326.2,16,96,111,16,223,16,96,111,16,223,123,4,12,0.333,119,11,16,0.688,68,22,30,456,1,20.73,68,22,30,456,1,20.73,124,276,135,4,1576,5.71,11.67,8,131.3,32,241,394,2360,15,5.99,9.79,196.7,51,72,596,49.67,44,21,136,0,6.48,44,21,136,0,6.48,87,27,7,5,10,22,0.815,91,36,15,9,7,31,0.861,39,495,2393,4.83,19,199.4,25,424,1554,3.67,17,129.5,53,24,204,2,28,33,30,0,0,12,0,264,22,118,28,28,0,0,16,2,248,20.7,77,52,32,251,68,5.7,93,174,64,0.368,71,69,176,0.392,64,   359:19,   29:56,40,5,10,15,7,4,11,4,0.33